kind,id,doc,file,occurrences,first_line,sample_lines
Dnum,D282,D1-专家架构,"docs/synova/research/专家架构重定义与权威口径审计-20260905/研究方案-专家架构重定义与权威口径审计-20260905.md",1,45,"45"
E,E-13,D1-专家架构,"docs/synova/research/专家架构重定义与权威口径审计-20260905/第七章-专家可组合性深度补充研究-20260906.md",1,54,"54"
E,E-23,D1-专家架构,"docs/synova/research/专家架构重定义与权威口径审计-20260905/第七章-专家可组合性深度补充研究-20260906.md",1,54,"54"
E,E-34,D1-专家架构,"docs/synova/research/专家架构重定义与权威口径审计-20260905/第七章-专家可组合性深度补充研究-20260906.md",1,54,"54"
E,E-36,D1-专家架构,"docs/synova/research/专家架构重定义与权威口径审计-20260905/第七章-专家可组合性深度补充研究-20260906.md",1,54,"54"
E,E-37,D1-专家架构,"docs/synova/research/专家架构重定义与权威口径审计-20260905/第七章-专家可组合性深度补充研究-20260906.md",1,54,"54"
computeKebab,compute-cash-runway-months,D1-专家架构,"docs/synova/research/专家架构重定义与权威口径审计-20260905/第七章-专家可组合性深度补充研究-20260906.md",1,55,"55"
computeKebab,compute-gross-margin,D1-专家架构,"docs/synova/research/专家架构重定义与权威口径审计-20260905/第七章-专家可组合性深度补充研究-20260906.md",1,55,"55"
computeKebab,compute-receivable-overdue-rate,D1-专家架构,"docs/synova/research/专家架构重定义与权威口径审计-20260905/第七章-专家可组合性深度补充研究-20260906.md",1,55,"55"
computeKebab,compute-cost-per-head,D1-专家架构,"docs/synova/research/专家架构重定义与权威口径审计-20260905/第七章-专家可组合性深度补充研究-20260906.md",1,55,"55"
E,E-30,D1-专家架构,"docs/synova/research/专家架构重定义与权威口径审计-20260905/第三章-第一性原理重推专家架构-20260905.md",2,40,"40,101"
computeKebab,compute-break-even,D1-专家架构,"docs/synova/research/专家架构重定义与权威口径审计-20260905/第三章-第一性原理重推专家架构-20260905.md",1,74,"74"
computeKebab,compute-customer-concentration,D1-专家架构,"docs/synova/research/专家架构重定义与权威口径审计-20260905/第三章-第一性原理重推专家架构-20260905.md",1,101,"101"
Dnum,D282,D1-专家架构,"docs/synova/research/专家架构重定义与权威口径审计-20260905/第三章-第一性原理重推专家架构-20260905.md",1,69,"69"
computeKebab,compute-break-even,D1-专家架构,"docs/synova/research/专家架构重定义与权威口径审计-20260905/第二章-证据全景与三态审计-20260905.md",3,77,"77,84,110"
computeKebab,compute-dol,D1-专家架构,"docs/synova/research/专家架构重定义与权威口径审计-20260905/第二章-证据全景与三态审计-20260905.md",2,77,"77,84"
computeKebab,compute-capital-allocation,D1-专家架构,"docs/synova/research/专家架构重定义与权威口径审计-20260905/第二章-证据全景与三态审计-20260905.md",1,77,"77"
computeKebab,compute-npv,D1-专家架构,"docs/synova/research/专家架构重定义与权威口径审计-20260905/第二章-证据全景与三态审计-20260905.md",2,77,"77,84"
computeKebab,compute-irr,D1-专家架构,"docs/synova/research/专家架构重定义与权威口径审计-20260905/第二章-证据全景与三态审计-20260905.md",2,77,"77,84"
computeKebab,compute-capital-acquisition,D1-专家架构,"docs/synova/research/专家架构重定义与权威口径审计-20260905/第二章-证据全景与三态审计-20260905.md",1,83,"83"
computeKebab,compute-capital-source-mix,D1-专家架构,"docs/synova/research/专家架构重定义与权威口径审计-20260905/第二章-证据全景与三态审计-20260905.md",1,83,"83"
computeKebab,compute-gross-margin,D1-专家架构,"docs/synova/research/专家架构重定义与权威口径审计-20260905/第二章-证据全景与三态审计-20260905.md",1,83,"83"
computeKebab,compute-cash-runway-months,D1-专家架构,"docs/synova/research/专家架构重定义与权威口径审计-20260905/第二章-证据全景与三态审计-20260905.md",1,83,"83"
computeKebab,compute-revenue-growth,D1-专家架构,"docs/synova/research/专家架构重定义与权威口径审计-20260905/第二章-证据全景与三态审计-20260905.md",1,83,"83"
computeKebab,compute-hhi,D1-专家架构,"docs/synova/research/专家架构重定义与权威口径审计-20260905/第二章-证据全景与三态审计-20260905.md",1,84,"84"
computeCamel,computeOverflow,D1-专家架构,"docs/synova/research/专家架构重定义与权威口径审计-20260905/第二章-证据全景与三态审计-20260905.md",1,93,"93"
Dnum,D282,D1-专家架构,"docs/synova/research/专家架构重定义与权威口径审计-20260905/第二章-证据全景与三态审计-20260905.md",8,25,"25,30,40,42,44,88"
Dnum,D491,D1-专家架构,"docs/synova/research/专家架构重定义与权威口径审计-20260905/第二章-证据全景与三态审计-20260905.md",1,62,"62"
E,E-13,D1-专家架构,"docs/synova/research/专家架构重定义与权威口径审计-20260905/第六章-专家架构权威定义与路线图-20260905.md",1,189,"189"
E,E-23,D1-专家架构,"docs/synova/research/专家架构重定义与权威口径审计-20260905/第六章-专家架构权威定义与路线图-20260905.md",1,189,"189"
E,E-34,D1-专家架构,"docs/synova/research/专家架构重定义与权威口径审计-20260905/第六章-专家架构权威定义与路线图-20260905.md",1,189,"189"
computeKebab,compute-map,D1-专家架构,"docs/synova/research/专家架构重定义与权威口径审计-20260905/第六章-专家架构权威定义与路线图-20260905.md",1,186,"186"
computeKebab,compute-cash-runway-months,D1-专家架构,"docs/synova/research/专家架构重定义与权威口径审计-20260905/第六章-专家架构权威定义与路线图-20260905.md",1,188,"188"
computeKebab,compute-gross-margin,D1-专家架构,"docs/synova/research/专家架构重定义与权威口径审计-20260905/第六章-专家架构权威定义与路线图-20260905.md",1,188,"188"
computeKebab,compute-receivable-overdue-rate,D1-专家架构,"docs/synova/research/专家架构重定义与权威口径审计-20260905/第六章-专家架构权威定义与路线图-20260905.md",1,188,"188"
computeKebab,compute-cost-per-head,D1-专家架构,"docs/synova/research/专家架构重定义与权威口径审计-20260905/第六章-专家架构权威定义与路线图-20260905.md",1,188,"188"
computeKebab,compute-break-even,D1-专家架构,"docs/synova/research/专家架构重定义与权威口径审计-20260905/第六章-专家架构权威定义与路线图-20260905.md",1,192,"192"
computeKebab,compute-break-even,D1-专家架构,"docs/synova/research/专家架构重定义与权威口径审计-20260905/附录-证据清单-20260905.md",2,12,"12,20"
computeKebab,compute-capital-acquisition,D1-专家架构,"docs/synova/research/专家架构重定义与权威口径审计-20260905/附录-证据清单-20260905.md",1,19,"19"
sentinelKebab,sentinel-lifecycle,D2-导航,"docs/synova/research/增长导航目标管理闭环-20260906/第一章-导航现状审计-20260906.md",1,27,"27"
Dnum,D254,D2-导航,"docs/synova/research/增长导航目标管理闭环-20260906/第一章-导航现状审计-20260906.md",1,31,"31"
Dnum,D273,D2-导航,"docs/synova/research/增长导航目标管理闭环-20260906/第一章-导航现状审计-20260906.md",1,58,"58"
Dnum,D254,D2-导航,"docs/synova/research/增长导航目标管理闭环-20260906/第五章-验证与回流-20260906.md",2,4,"4,10"
Dnum,D272,D2-导航,"docs/synova/research/增长导航目标管理闭环-20260906/第四章-执行跟踪与纠偏-20260906.md",1,41,"41"
Dnum,D285,D2-导航,"docs/synova/research/增长导航目标管理闭环-20260906/第四章-执行跟踪与纠偏-20260906.md",1,41,"41"
sentinelKebab,sentinel-lifecycle,D2-导航,"docs/synova/research/增长导航目标管理闭环-20260906/附录-证据清单-20260906.md",1,13,"13"
node,N-01,D2-导航,"docs/synova/research/增长导航目标管理闭环-20260906/附录-证据清单-20260906.md",1,11,"11"
node,N-02,D2-导航,"docs/synova/research/增长导航目标管理闭环-20260906/附录-证据清单-20260906.md",1,12,"12"
node,N-03,D2-导航,"docs/synova/research/增长导航目标管理闭环-20260906/附录-证据清单-20260906.md",1,13,"13"
node,N-04,D2-导航,"docs/synova/research/增长导航目标管理闭环-20260906/附录-证据清单-20260906.md",1,14,"14"
node,N-05,D2-导航,"docs/synova/research/增长导航目标管理闭环-20260906/附录-证据清单-20260906.md",1,15,"15"
node,N-06,D2-导航,"docs/synova/research/增长导航目标管理闭环-20260906/附录-证据清单-20260906.md",1,16,"16"
node,N-07,D2-导航,"docs/synova/research/增长导航目标管理闭环-20260906/附录-证据清单-20260906.md",1,17,"17"
node,N-08,D2-导航,"docs/synova/research/增长导航目标管理闭环-20260906/附录-证据清单-20260906.md",1,18,"18"
node,N-09,D2-导航,"docs/synova/research/增长导航目标管理闭环-20260906/附录-证据清单-20260906.md",1,19,"19"
Dnum,D254,D2-导航,"docs/synova/research/增长导航目标管理闭环-20260906/附录-证据清单-20260906.md",1,17,"17"
Dnum,D273,D2-导航,"docs/synova/research/增长导航目标管理闭环-20260906/附录-证据清单-20260906.md",1,18,"18"
E,E-06,AD01,"docs/synova/research/权威文档01-本体层因果体系权威规范-20260714/SYNOVA-RESEARCH-前置研究-哇呢宝贝零基验证-v1-0-20260714.md",1,63,"63"
E,E-08,AD01,"docs/synova/research/权威文档01-本体层因果体系权威规范-20260714/SYNOVA-RESEARCH-前置研究-哇呢宝贝零基验证-v1-0-20260714.md",1,95,"95"
E,E-10,AD01,"docs/synova/research/权威文档01-本体层因果体系权威规范-20260714/SYNOVA-RESEARCH-前置研究-哇呢宝贝零基验证-v1-0-20260714.md",1,131,"131"
E,E-11,AD01,"docs/synova/research/权威文档01-本体层因果体系权威规范-20260714/SYNOVA-RESEARCH-前置研究-哇呢宝贝零基验证-v1-0-20260714.md",1,147,"147"
E,E-12,AD01,"docs/synova/research/权威文档01-本体层因果体系权威规范-20260714/SYNOVA-RESEARCH-前置研究-哇呢宝贝零基验证-v1-0-20260714.md",1,163,"163"
E,E-13,AD01,"docs/synova/research/权威文档01-本体层因果体系权威规范-20260714/SYNOVA-RESEARCH-前置研究-哇呢宝贝零基验证-v1-0-20260714.md",1,179,"179"
E,E-14,AD01,"docs/synova/research/权威文档01-本体层因果体系权威规范-20260714/SYNOVA-RESEARCH-前置研究-哇呢宝贝零基验证-v1-0-20260714.md",1,195,"195"
E,E-24,AD01,"docs/synova/research/权威文档01-本体层因果体系权威规范-20260714/SYNOVA-RESEARCH-前置研究-哇呢宝贝零基验证-v1-0-20260714.md",2,215,"215,279"
E,E-25,AD01,"docs/synova/research/权威文档01-本体层因果体系权威规范-20260714/SYNOVA-RESEARCH-前置研究-哇呢宝贝零基验证-v1-0-20260714.md",2,231,"231,311"
E,E-31,AD01,"docs/synova/research/权威文档01-本体层因果体系权威规范-20260714/SYNOVA-RESEARCH-前置研究-哇呢宝贝零基验证-v1-0-20260714.md",1,231,"231"
E,E-26,AD01,"docs/synova/research/权威文档01-本体层因果体系权威规范-20260714/SYNOVA-RESEARCH-前置研究-哇呢宝贝零基验证-v1-0-20260714.md",1,247,"247"
E,E-27,AD01,"docs/synova/research/权威文档01-本体层因果体系权威规范-20260714/SYNOVA-RESEARCH-前置研究-哇呢宝贝零基验证-v1-0-20260714.md",1,295,"295"
E,E-28,AD01,"docs/synova/research/权威文档01-本体层因果体系权威规范-20260714/SYNOVA-RESEARCH-前置研究-哇呢宝贝零基验证-v1-0-20260714.md",1,347,"347"
E,E-29,AD01,"docs/synova/research/权威文档01-本体层因果体系权威规范-20260714/SYNOVA-RESEARCH-前置研究-哇呢宝贝零基验证-v1-0-20260714.md",1,363,"363"
E,E-30,AD01,"docs/synova/research/权威文档01-本体层因果体系权威规范-20260714/SYNOVA-RESEARCH-前置研究-哇呢宝贝零基验证-v1-0-20260714.md",1,379,"379"
E,E-33,AD01,"docs/synova/research/权威文档01-本体层因果体系权威规范-20260714/SYNOVA-RESEARCH-前置研究-哇呢宝贝零基验证-v1-0-20260714.md",1,411,"411"
E,E-34,AD01,"docs/synova/research/权威文档01-本体层因果体系权威规范-20260714/SYNOVA-RESEARCH-前置研究-哇呢宝贝零基验证-v1-0-20260714.md",1,443,"443"
E,E-35,AD01,"docs/synova/research/权威文档01-本体层因果体系权威规范-20260714/SYNOVA-RESEARCH-前置研究-哇呢宝贝零基验证-v1-0-20260714.md",1,463,"463"
E,E-36,AD01,"docs/synova/research/权威文档01-本体层因果体系权威规范-20260714/SYNOVA-RESEARCH-前置研究-哇呢宝贝零基验证-v1-0-20260714.md",1,479,"479"
E,E-37,AD01,"docs/synova/research/权威文档01-本体层因果体系权威规范-20260714/SYNOVA-RESEARCH-前置研究-哇呢宝贝零基验证-v1-0-20260714.md",1,495,"495"
E,E-40,AD01,"docs/synova/research/权威文档01-本体层因果体系权威规范-20260714/SYNOVA-RESEARCH-前置研究-哇呢宝贝零基验证-v1-0-20260714.md",3,545,"545,657,722"
E,E-41,AD01,"docs/synova/research/权威文档01-本体层因果体系权威规范-20260714/SYNOVA-RESEARCH-前置研究-哇呢宝贝零基验证-v1-0-20260714.md",1,561,"561"
E,E-42,AD01,"docs/synova/research/权威文档01-本体层因果体系权威规范-20260714/SYNOVA-RESEARCH-前置研究-哇呢宝贝零基验证-v1-0-20260714.md",2,593,"593,722"
E,E-05,AD01,"docs/synova/research/权威文档01-本体层因果体系权威规范-20260714/SYNOVA-RESEARCH-研究方案-v3-0-20260714.md",1,108,"108"
E,E-09,AD01,"docs/synova/research/权威文档01-本体层因果体系权威规范-20260714/SYNOVA-RESEARCH-研究方案-v3-0-20260714.md",1,108,"108"
E,E-10,AD01,"docs/synova/research/权威文档01-本体层因果体系权威规范-20260714/SYNOVA-RESEARCH-研究方案-v3-0-20260714.md",1,109,"109"
E,E-23,AD01,"docs/synova/research/权威文档01-本体层因果体系权威规范-20260714/SYNOVA-RESEARCH-研究方案-v3-0-20260714.md",1,109,"109"
E,E-24,AD01,"docs/synova/research/权威文档01-本体层因果体系权威规范-20260714/SYNOVA-RESEARCH-研究方案-v3-0-20260714.md",1,110,"110"
E,E-34,AD01,"docs/synova/research/权威文档01-本体层因果体系权威规范-20260714/SYNOVA-RESEARCH-研究方案-v3-0-20260714.md",1,110,"110"
E,E-35,AD01,"docs/synova/research/权威文档01-本体层因果体系权威规范-20260714/SYNOVA-RESEARCH-研究方案-v3-0-20260714.md",1,111,"111"
E,E-39,AD01,"docs/synova/research/权威文档01-本体层因果体系权威规范-20260714/SYNOVA-RESEARCH-研究方案-v3-0-20260714.md",1,111,"111"
E,E-40,AD01,"docs/synova/research/权威文档01-本体层因果体系权威规范-20260714/SYNOVA-RESEARCH-研究方案-v3-0-20260714.md",1,112,"112"
E,E-42,AD01,"docs/synova/research/权威文档01-本体层因果体系权威规范-20260714/SYNOVA-RESEARCH-研究方案-v3-0-20260714.md",1,112,"112"
E,E-13,AD01,"docs/synova/research/权威文档01-本体层因果体系权威规范-20260714/SYNOVA-RESEARCH-第一章-五断裂点穷举-v1-0-20260714.md",7,76,"76,121,202,516,540,609"
E,E-30,AD01,"docs/synova/research/权威文档01-本体层因果体系权威规范-20260714/SYNOVA-RESEARCH-第一章-五断裂点穷举-v1-0-20260714.md",8,76,"76,393,542,611,612,622"
E,E-37,AD01,"docs/synova/research/权威文档01-本体层因果体系权威规范-20260714/SYNOVA-RESEARCH-第一章-五断裂点穷举-v1-0-20260714.md",7,76,"76,474,543,612,613,624"
E,E-05,AD01,"docs/synova/research/权威文档01-本体层因果体系权威规范-20260714/SYNOVA-RESEARCH-第一章-五断裂点穷举-v1-0-20260714.md",6,113,"113,177,539,609,613,638"
E,E-01,AD01,"docs/synova/research/权威文档01-本体层因果体系权威规范-20260714/SYNOVA-RESEARCH-第一章-五断裂点穷举-v1-0-20260714.md",4,114,"114,546,579,634"
E,E-06,AD01,"docs/synova/research/权威文档01-本体层因果体系权威规范-20260714/SYNOVA-RESEARCH-第一章-五断裂点穷举-v1-0-20260714.md",2,122,"122,639"
E,E-07,AD01,"docs/synova/research/权威文档01-本体层因果体系权威规范-20260714/SYNOVA-RESEARCH-第一章-五断裂点穷举-v1-0-20260714.md",2,131,"131,640"
E,E-15,AD01,"docs/synova/research/权威文档01-本体层因果体系权威规范-20260714/SYNOVA-RESEARCH-第一章-五断裂点穷举-v1-0-20260714.md",4,139,"139,220,610,648"
E,E-08,AD01,"docs/synova/research/权威文档01-本体层因果体系权威规范-20260714/SYNOVA-RESEARCH-第一章-五断裂点穷举-v1-0-20260714.md",2,140,"140,641"
E,E-16,AD01,"docs/synova/research/权威文档01-本体层因果体系权威规范-20260714/SYNOVA-RESEARCH-第一章-五断裂点穷举-v1-0-20260714.md",3,148,"148,229,649"
E,E-09,AD01,"docs/synova/research/权威文档01-本体层因果体系权威规范-20260714/SYNOVA-RESEARCH-第一章-五断裂点穷举-v1-0-20260714.md",2,149,"149,642"
E,E-23,AD01,"docs/synova/research/权威文档01-本体层因果体系权威规范-20260714/SYNOVA-RESEARCH-第一章-五断裂点穷举-v1-0-20260714.md",8,157,"157,177,275,354,610,611"
E,E-10,AD01,"docs/synova/research/权威文档01-本体层因果体系权威规范-20260714/SYNOVA-RESEARCH-第一章-五断裂点穷举-v1-0-20260714.md",2,158,"158,643"
E,E-11,AD01,"docs/synova/research/权威文档01-本体层因果体系权威规范-20260714/SYNOVA-RESEARCH-第一章-五断裂点穷举-v1-0-20260714.md",2,167,"167,644"
E,E-12,AD01,"docs/synova/research/权威文档01-本体层因果体系权威规范-20260714/SYNOVA-RESEARCH-第一章-五断裂点穷举-v1-0-20260714.md",5,175,"175,539,599,645,690"
E,E-14,AD01,"docs/synova/research/权威文档01-本体层因果体系权威规范-20260714/SYNOVA-RESEARCH-第一章-五断裂点穷举-v1-0-20260714.md",2,211,"211,647"
E,E-17,AD01,"docs/synova/research/权威文档01-本体层因果体系权威规范-20260714/SYNOVA-RESEARCH-第一章-五断裂点穷举-v1-0-20260714.md",2,238,"238,650"
E,E-18,AD01,"docs/synova/research/权威文档01-本体层因果体系权威规范-20260714/SYNOVA-RESEARCH-第一章-五断裂点穷举-v1-0-20260714.md",3,247,"247,540,651"
E,E-19,AD01,"docs/synova/research/权威文档01-本体层因果体系权威规范-20260714/SYNOVA-RESEARCH-第一章-五断裂点穷举-v1-0-20260714.md",4,284,"284,541,652,679"
E,E-20,AD01,"docs/synova/research/权威文档01-本体层因果体系权威规范-20260714/SYNOVA-RESEARCH-第一章-五断裂点穷举-v1-0-20260714.md",2,293,"293,653"
E,E-21,AD01,"docs/synova/research/权威文档01-本体层因果体系权威规范-20260714/SYNOVA-RESEARCH-第一章-五断裂点穷举-v1-0-20260714.md",2,302,"302,654"
E,E-22,AD01,"docs/synova/research/权威文档01-本体层因果体系权威规范-20260714/SYNOVA-RESEARCH-第一章-五断裂点穷举-v1-0-20260714.md",2,311,"311,655"
E,E-24,AD01,"docs/synova/research/权威文档01-本体层因果体系权威规范-20260714/SYNOVA-RESEARCH-第一章-五断裂点穷举-v1-0-20260714.md",3,320,"320,624,657"
E,E-25,AD01,"docs/synova/research/权威文档01-本体层因果体系权威规范-20260714/SYNOVA-RESEARCH-第一章-五断裂点穷举-v1-0-20260714.md",2,329,"329,658"
E,E-26,AD01,"docs/synova/research/权威文档01-本体层因果体系权威规范-20260714/SYNOVA-RESEARCH-第一章-五断裂点穷举-v1-0-20260714.md",2,338,"338,659"
E,E-27,AD01,"docs/synova/research/权威文档01-本体层因果体系权威规范-20260714/SYNOVA-RESEARCH-第一章-五断裂点穷举-v1-0-20260714.md",2,347,"347,660"
E,E-28,AD01,"docs/synova/research/权威文档01-本体层因果体系权威规范-20260714/SYNOVA-RESEARCH-第一章-五断裂点穷举-v1-0-20260714.md",2,355,"355,661"
E,E-29,AD01,"docs/synova/research/权威文档01-本体层因果体系权威规范-20260714/SYNOVA-RESEARCH-第一章-五断裂点穷举-v1-0-20260714.md",3,364,"364,541,662"
E,E-31,AD01,"docs/synova/research/权威文档01-本体层因果体系权威规范-20260714/SYNOVA-RESEARCH-第一章-五断裂点穷举-v1-0-20260714.md",2,402,"402,664"
E,E-32,AD01,"docs/synova/research/权威文档01-本体层因果体系权威规范-20260714/SYNOVA-RESEARCH-第一章-五断裂点穷举-v1-0-20260714.md",2,411,"411,665"
E,E-33,AD01,"docs/synova/research/权威文档01-本体层因果体系权威规范-20260714/SYNOVA-RESEARCH-第一章-五断裂点穷举-v1-0-20260714.md",2,420,"420,666"
E,E-34,AD01,"docs/synova/research/权威文档01-本体层因果体系权威规范-20260714/SYNOVA-RESEARCH-第一章-五断裂点穷举-v1-0-20260714.md",2,429,"429,667"
E,E-35,AD01,"docs/synova/research/权威文档01-本体层因果体系权威规范-20260714/SYNOVA-RESEARCH-第一章-五断裂点穷举-v1-0-20260714.md",5,438,"438,603,626,668,690"
E,E-36,AD01,"docs/synova/research/权威文档01-本体层因果体系权威规范-20260714/SYNOVA-RESEARCH-第一章-五断裂点穷举-v1-0-20260714.md",3,446,"446,542,669"
E,E-38,AD01,"docs/synova/research/权威文档01-本体层因果体系权威规范-20260714/SYNOVA-RESEARCH-第一章-五断裂点穷举-v1-0-20260714.md",2,483,"483,671"
E,E-39,AD01,"docs/synova/research/权威文档01-本体层因果体系权威规范-20260714/SYNOVA-RESEARCH-第一章-五断裂点穷举-v1-0-20260714.md",2,492,"492,672"
E,E-40,AD01,"docs/synova/research/权威文档01-本体层因果体系权威规范-20260714/SYNOVA-RESEARCH-第一章-五断裂点穷举-v1-0-20260714.md",6,501,"501,593,600,626,673,690"
E,E-41,AD01,"docs/synova/research/权威文档01-本体层因果体系权威规范-20260714/SYNOVA-RESEARCH-第一章-五断裂点穷举-v1-0-20260714.md",5,509,"509,601,626,674,690"
E,E-42,AD01,"docs/synova/research/权威文档01-本体层因果体系权威规范-20260714/SYNOVA-RESEARCH-第一章-五断裂点穷举-v1-0-20260714.md",7,517,"517,543,593,602,626,675"
E,E-04,AD01,"docs/synova/research/权威文档01-本体层因果体系权威规范-20260714/SYNOVA-RESEARCH-第一章-五断裂点穷举-v1-0-20260714.md",3,546,"546,579,637"
E,E-02,AD01,"docs/synova/research/权威文档01-本体层因果体系权威规范-20260714/SYNOVA-RESEARCH-第一章-五断裂点穷举-v1-0-20260714.md",1,635,"635"
E,E-03,AD01,"docs/synova/research/权威文档01-本体层因果体系权威规范-20260714/SYNOVA-RESEARCH-第一章-五断裂点穷举-v1-0-20260714.md",1,636,"636"
computeKebab,compute-learning-rate,AD01,"docs/synova/research/权威文档01-本体层因果体系权威规范-20260714/SYNOVA-RESEARCH-第一章-五断裂点穷举-v1-0-20260714.md",1,679,"679"
E,E-05,AD01,"docs/synova/research/权威文档01-本体层因果体系权威规范-20260714/SYNOVA-RESEARCH-第三章-15节点池与10表达层实体-v1-0-20260714.md",4,65,"65,73,84,480"
E,E-06,AD01,"docs/synova/research/权威文档01-本体层因果体系权威规范-20260714/SYNOVA-RESEARCH-第三章-15节点池与10表达层实体-v1-0-20260714.md",2,67,"67,86"
E,E-13,AD01,"docs/synova/research/权威文档01-本体层因果体系权威规范-20260714/SYNOVA-RESEARCH-第三章-15节点池与10表达层实体-v1-0-20260714.md",4,73,"73,87,479,608"
E,E-37,AD01,"docs/synova/research/权威文档01-本体层因果体系权威规范-20260714/SYNOVA-RESEARCH-第三章-15节点池与10表达层实体-v1-0-20260714.md",2,73,"73,85"
E,E-38,AD01,"docs/synova/research/权威文档01-本体层因果体系权威规范-20260714/SYNOVA-RESEARCH-第三章-15节点池与10表达层实体-v1-0-20260714.md",2,88,"88,129"
E,E-07,AD01,"docs/synova/research/权威文档01-本体层因果体系权威规范-20260714/SYNOVA-RESEARCH-第三章-15节点池与10表达层实体-v1-0-20260714.md",4,128,"128,131,252,264"
E,E-15,AD01,"docs/synova/research/权威文档01-本体层因果体系权威规范-20260714/SYNOVA-RESEARCH-第三章-15节点池与10表达层实体-v1-0-20260714.md",5,130,"130,393,481,509,521"
E,E-19,AD01,"docs/synova/research/权威文档01-本体层因果体系权威规范-20260714/SYNOVA-RESEARCH-第三章-15节点池与10表达层实体-v1-0-20260714.md",6,132,"132,219,520,607,629,648"
E,E-21,AD01,"docs/synova/research/权威文档01-本体层因果体系权威规范-20260714/SYNOVA-RESEARCH-第三章-15节点池与10表达层实体-v1-0-20260714.md",3,133,"133,651,693"
E,E-30,AD01,"docs/synova/research/权威文档01-本体层因果体系权威规范-20260714/SYNOVA-RESEARCH-第三章-15节点池与10表达层实体-v1-0-20260714.md",2,173,"173,265"
E,E-31,AD01,"docs/synova/research/权威文档01-本体层因果体系权威规范-20260714/SYNOVA-RESEARCH-第三章-15节点池与10表达层实体-v1-0-20260714.md",1,174,"174"
E,E-33,AD01,"docs/synova/research/权威文档01-本体层因果体系权威规范-20260714/SYNOVA-RESEARCH-第三章-15节点池与10表达层实体-v1-0-20260714.md",2,175,"175,565"
E,E-29,AD01,"docs/synova/research/权威文档01-本体层因果体系权威规范-20260714/SYNOVA-RESEARCH-第三章-15节点池与10表达层实体-v1-0-20260714.md",5,176,"176,307,522,544,562"
E,E-35,AD01,"docs/synova/research/权威文档01-本体层因果体系权威规范-20260714/SYNOVA-RESEARCH-第三章-15节点池与10表达层实体-v1-0-20260714.md",2,177,"177,436"
E,E-40,AD01,"docs/synova/research/权威文档01-本体层因果体系权威规范-20260714/SYNOVA-RESEARCH-第三章-15节点池与10表达层实体-v1-0-20260714.md",3,178,"178,263,750"
E,E-04,AD01,"docs/synova/research/权威文档01-本体层因果体系权威规范-20260714/SYNOVA-RESEARCH-第三章-15节点池与10表达层实体-v1-0-20260714.md",4,218,"218,606,647,748"
E,E-20,AD01,"docs/synova/research/权威文档01-本体层因果体系权威规范-20260714/SYNOVA-RESEARCH-第三章-15节点池与10表达层实体-v1-0-20260714.md",2,220,"220,650"
E,E-09,AD01,"docs/synova/research/权威文档01-本体层因果体系权威规范-20260714/SYNOVA-RESEARCH-第三章-15节点池与10表达层实体-v1-0-20260714.md",6,221,"221,416,417,418,435,649"
E,E-23,AD01,"docs/synova/research/权威文档01-本体层因果体系权威规范-20260714/SYNOVA-RESEARCH-第三章-15节点池与10表达层实体-v1-0-20260714.md",5,222,"222,309,501,519,563"
E,E-24,AD01,"docs/synova/research/权威文档01-本体层因果体系权威规范-20260714/SYNOVA-RESEARCH-第三章-15节点池与10表达层实体-v1-0-20260714.md",3,223,"223,310,605"
E,E-25,AD01,"docs/synova/research/权威文档01-本体层因果体系权威规范-20260714/SYNOVA-RESEARCH-第三章-15节点池与10表达层实体-v1-0-20260714.md",2,262,"262,564"
E,E-42,AD01,"docs/synova/research/权威文档01-本体层因果体系权威规范-20260714/SYNOVA-RESEARCH-第三章-15节点池与10表达层实体-v1-0-20260714.md",1,266,"266"
E,E-08,AD01,"docs/synova/research/权威文档01-本体层因果体系权威规范-20260714/SYNOVA-RESEARCH-第三章-15节点池与10表达层实体-v1-0-20260714.md",1,306,"306"
E,E-16,AD01,"docs/synova/research/权威文档01-本体层因果体系权威规范-20260714/SYNOVA-RESEARCH-第三章-15节点池与10表达层实体-v1-0-20260714.md",2,308,"308,353"
E,E-11,AD01,"docs/synova/research/权威文档01-本体层因果体系权威规范-20260714/SYNOVA-RESEARCH-第三章-15节点池与10表达层实体-v1-0-20260714.md",3,331,"331,333,350"
E,E-28,AD01,"docs/synova/research/权威文档01-本体层因果体系权威规范-20260714/SYNOVA-RESEARCH-第三章-15节点池与10表达层实体-v1-0-20260714.md",4,333,"333,352,510,523"
E,E-14,AD01,"docs/synova/research/权威文档01-本体层因果体系权威规范-20260714/SYNOVA-RESEARCH-第三章-15节点池与10表达层实体-v1-0-20260714.md",3,351,"351,395,747"
E,E-17,AD01,"docs/synova/research/权威文档01-本体层因果体系权威规范-20260714/SYNOVA-RESEARCH-第三章-15节点池与10表达层实体-v1-0-20260714.md",3,354,"354,396,692"
E,E-12,AD01,"docs/synova/research/权威文档01-本体层因果体系权威规范-20260714/SYNOVA-RESEARCH-第三章-15节点池与10表达层实体-v1-0-20260714.md",3,374,"374,392,691"
E,E-10,AD01,"docs/synova/research/权威文档01-本体层因果体系权威规范-20260714/SYNOVA-RESEARCH-第三章-15节点池与10表达层实体-v1-0-20260714.md",3,394,"394,460,478"
E,E-01,AD01,"docs/synova/research/权威文档01-本体层因果体系权威规范-20260714/SYNOVA-RESEARCH-第三章-15节点池与10表达层实体-v1-0-20260714.md",2,437,"437,744"
E,E-02,AD01,"docs/synova/research/权威文档01-本体层因果体系权威规范-20260714/SYNOVA-RESEARCH-第三章-15节点池与10表达层实体-v1-0-20260714.md",2,438,"438,745"
E,E-18,AD01,"docs/synova/research/权威文档01-本体层因果体系权威规范-20260714/SYNOVA-RESEARCH-第三章-15节点池与10表达层实体-v1-0-20260714.md",1,690,"690"
E,E-03,AD01,"docs/synova/research/权威文档01-本体层因果体系权威规范-20260714/SYNOVA-RESEARCH-第三章-15节点池与10表达层实体-v1-0-20260714.md",1,746,"746"
E,E-22,AD01,"docs/synova/research/权威文档01-本体层因果体系权威规范-20260714/SYNOVA-RESEARCH-第三章-15节点池与10表达层实体-v1-0-20260714.md",1,749,"749"
E,E-01,AD01,"docs/synova/research/权威文档01-本体层因果体系权威规范-20260714/SYNOVA-RESEARCH-第二章-42条因果边权威定义-v1-0-20260714.md",5,2,"2,69,107,130,141"
E,E-02,AD01,"docs/synova/research/权威文档01-本体层因果体系权威规范-20260714/SYNOVA-RESEARCH-第二章-42条因果边权威定义-v1-0-20260714.md",5,34,"34,38,130,141,1234"
E,E-03,AD01,"docs/synova/research/权威文档01-本体层因果体系权威规范-20260714/SYNOVA-RESEARCH-第二章-42条因果边权威定义-v1-0-20260714.md",7,34,"34,70,75,130,141,1164"
E,E-04,AD01,"docs/synova/research/权威文档01-本体层因果体系权威规范-20260714/SYNOVA-RESEARCH-第二章-42条因果边权威定义-v1-0-20260714.md",5,34,"34,112,665,676,1377"
E,E-35,AD01,"docs/synova/research/权威文档01-本体层因果体系权威规范-20260714/SYNOVA-RESEARCH-第二章-42条因果边权威定义-v1-0-20260714.md",4,70,"70,325,916,1204"
E,E-23,AD01,"docs/synova/research/权威文档01-本体层因果体系权威规范-20260714/SYNOVA-RESEARCH-第二章-42条因果边权威定义-v1-0-20260714.md",14,94,"94,274,331,473,542,609"
E,E-33,AD01,"docs/synova/research/权威文档01-本体层因果体系权威规范-20260714/SYNOVA-RESEARCH-第二章-42条因果边权威定义-v1-0-20260714.md",7,95,"95,107,1056,1082,1129,1132"
E,E-40,AD01,"docs/synova/research/权威文档01-本体层因果体系权威规范-20260714/SYNOVA-RESEARCH-第二章-42条因果边权威定义-v1-0-20260714.md",5,108,"108,883,1093,1270,1380"
E,E-42,AD01,"docs/synova/research/权威文档01-本体层因果体系权威规范-20260714/SYNOVA-RESEARCH-第二章-42条因果边权威定义-v1-0-20260714.md",2,108,"108,1453"
E,E-19,AD01,"docs/synova/research/权威文档01-本体层因果体系权威规范-20260714/SYNOVA-RESEARCH-第二章-42条因果边权威定义-v1-0-20260714.md",9,128,"128,142,646,711,778,847"
E,E-05,AD01,"docs/synova/research/权威文档01-本体层因果体系权威规范-20260714/SYNOVA-RESEARCH-第二章-42条因果边权威定义-v1-0-20260714.md",7,147,"147,198,199,215,472,1305"
E,E-37,AD01,"docs/synova/research/权威文档01-本体层因果体系权威规范-20260714/SYNOVA-RESEARCH-第二章-42条因果边权威定义-v1-0-20260714.md",7,164,"164,177,473,814,1057,1270"
E,E-13,AD01,"docs/synova/research/权威文档01-本体层因果体系权威规范-20260714/SYNOVA-RESEARCH-第二章-42条因果边权威定义-v1-0-20260714.md",10,178,"178,216,287,356,359,371"
E,E-06,AD01,"docs/synova/research/权威文档01-本体层因果体系权威规范-20260714/SYNOVA-RESEARCH-第二章-42条因果边权威定义-v1-0-20260714.md",3,178,"178,182,472"
E,E-07,AD01,"docs/synova/research/权威文档01-本体层因果体系权威规范-20260714/SYNOVA-RESEARCH-第二章-42条因果边权威定义-v1-0-20260714.md",7,220,"220,541,884,1340,1341,1413"
E,E-25,AD01,"docs/synova/research/权威文档01-本体层因果体系权威规范-20260714/SYNOVA-RESEARCH-第二章-42条因果边权威定义-v1-0-20260714.md",8,237,"237,251,852,952,1092,1128"
E,E-38,AD01,"docs/synova/research/权威文档01-本体层因果体系权威规范-20260714/SYNOVA-RESEARCH-第二章-42条因果边权威定义-v1-0-20260714.md",6,237,"237,251,542,609,1309,1448"
E,E-15,AD01,"docs/synova/research/权威文档01-本体层因果体系权威规范-20260714/SYNOVA-RESEARCH-第二章-42条因果边权威定义-v1-0-20260714.md",4,252,"252,510,813,1340"
E,E-08,AD01,"docs/synova/research/权威文档01-本体层因果体系权威规范-20260714/SYNOVA-RESEARCH-第二章-42条因果边权威定义-v1-0-20260714.md",3,257,"257,1020,1199"
E,E-34,AD01,"docs/synova/research/权威文档01-本体层因果体系权威规范-20260714/SYNOVA-RESEARCH-第二章-42条因果边权威定义-v1-0-20260714.md",3,273,"273,286,1168"
E,E-09,AD01,"docs/synova/research/权威文档01-本体层因果体系权威规范-20260714/SYNOVA-RESEARCH-第二章-42条因果边权威定义-v1-0-20260714.md",3,291,"291,574,1234"
E,E-10,AD01,"docs/synova/research/权威文档01-本体层因果体系权威规范-20260714/SYNOVA-RESEARCH-第二章-42条因果边权威定义-v1-0-20260714.md",5,331,"331,335,339,472,506"
E,E-11,AD01,"docs/synova/research/权威文档01-本体层因果体系权威规范-20260714/SYNOVA-RESEARCH-第二章-42条因果边权威定义-v1-0-20260714.md",4,335,"335,375,574,744"
E,E-12,AD01,"docs/synova/research/权威文档01-本体层因果体系权威规范-20260714/SYNOVA-RESEARCH-第二章-42条因果边权威定义-v1-0-20260714.md",4,335,"335,408,505,814"
E,E-16,AD01,"docs/synova/research/权威文档01-本体层因果体系权威规范-20260714/SYNOVA-RESEARCH-第二章-42条因果边权威定义-v1-0-20260714.md",6,335,"335,404,545,608,744,985"
E,E-17,AD01,"docs/synova/research/权威文档01-本体层因果体系权威规范-20260714/SYNOVA-RESEARCH-第二章-42条因果边权威定义-v1-0-20260714.md",5,335,"335,437,506,575,579"
E,E-14,AD01,"docs/synova/research/权威文档01-本体层因果体系权威规范-20260714/SYNOVA-RESEARCH-第二章-42条因果边权威定义-v1-0-20260714.md",9,363,"363,370,403,437,476,575"
E,E-28,AD01,"docs/synova/research/权威文档01-本体层因果体系权威规范-20260714/SYNOVA-RESEARCH-第二章-42条因果边权威定义-v1-0-20260714.md",6,390,"390,404,734,745,779,956"
E,E-24,AD01,"docs/synova/research/权威文档01-本体层因果体系权威规范-20260714/SYNOVA-RESEARCH-第二章-42条因果边权威定义-v1-0-20260714.md",11,473,"473,643,677,712,779,818"
E,E-18,AD01,"docs/synova/research/权威文档01-本体层因果体系权威规范-20260714/SYNOVA-RESEARCH-第二章-42条因果边权威定义-v1-0-20260714.md",3,613,"613,778,1486"
E,E-22,AD01,"docs/synova/research/权威文档01-本体层因果体系权威规范-20260714/SYNOVA-RESEARCH-第二章-42条因果边权威定义-v1-0-20260714.md",2,643,"643,749"
E,E-20,AD01,"docs/synova/research/权威文档01-本体层因果体系权威规范-20260714/SYNOVA-RESEARCH-第二章-42条因果边权威定义-v1-0-20260714.md",5,677,"677,681,745,847,1376"
E,E-39,AD01,"docs/synova/research/权威文档01-本体层因果体系权威规范-20260714/SYNOVA-RESEARCH-第二章-42条因果边权威定义-v1-0-20260714.md",4,677,"677,712,1345,1448"
E,E-21,AD01,"docs/synova/research/权威文档01-本体层因果体系权威规范-20260714/SYNOVA-RESEARCH-第二章-42条因果边权威定义-v1-0-20260714.md",3,711,"711,716,985"
E,E-30,AD01,"docs/synova/research/权威文档01-本体层因果体系权威规范-20260714/SYNOVA-RESEARCH-第二章-42条因果边权威定义-v1-0-20260714.md",7,814,"814,917,1024,1092,1163,1200"
E,E-26,AD01,"docs/synova/research/权威文档01-本体层因果体系权威规范-20260714/SYNOVA-RESEARCH-第二章-42条因果边权威定义-v1-0-20260714.md",5,848,"848,887,951,1056,1235"
E,E-36,AD01,"docs/synova/research/权威文档01-本体层因果体系权威规范-20260714/SYNOVA-RESEARCH-第二章-42条因果边权威定义-v1-0-20260714.md",5,848,"848,1129,1163,1239,1412"
E,E-27,AD01,"docs/synova/research/权威文档01-本体层因果体系权威规范-20260714/SYNOVA-RESEARCH-第二章-42条因果边权威定义-v1-0-20260714.md",4,883,"883,917,921,1092"
E,E-31,AD01,"docs/synova/research/权威文档01-本体层因果体系权威规范-20260714/SYNOVA-RESEARCH-第二章-42条因果边权威定义-v1-0-20260714.md",8,884,"884,952,1057,1061,1128,1164"
E,E-29,AD01,"docs/synova/research/权威文档01-本体层因果体系权威规范-20260714/SYNOVA-RESEARCH-第二章-42条因果边权威定义-v1-0-20260714.md",1,990,"990"
E,E-32,AD01,"docs/synova/research/权威文档01-本体层因果体系权威规范-20260714/SYNOVA-RESEARCH-第二章-42条因果边权威定义-v1-0-20260714.md",3,1021,"1021,1093,1097"
E,E-41,AD01,"docs/synova/research/权威文档01-本体层因果体系权威规范-20260714/SYNOVA-RESEARCH-第二章-42条因果边权威定义-v1-0-20260714.md",3,1341,"1341,1366,1417"
CC,CC-SCAN-01,AD01,"docs/synova/research/权威文档01-本体层因果体系权威规范-20260714/SYNOVA-RESEARCH-第二章-42条因果边权威定义-v1-0-20260714.md",1,28,"28"
CC,CC-ECHO-01,AD01,"docs/synova/research/权威文档01-本体层因果体系权威规范-20260714/SYNOVA-RESEARCH-第二章-42条因果边权威定义-v1-0-20260714.md",1,102,"102"
CC,CC-LEARN-01,AD01,"docs/synova/research/权威文档01-本体层因果体系权威规范-20260714/SYNOVA-RESEARCH-第二章-42条因果边权威定义-v1-0-20260714.md",2,136,"136,671"
CC,CC-FINMIX-01,AD01,"docs/synova/research/权威文档01-本体层因果体系权威规范-20260714/SYNOVA-RESEARCH-第二章-42条因果边权威定义-v1-0-20260714.md",1,210,"210"
CC,CC-TALENT-01,AD01,"docs/synova/research/权威文档01-本体层因果体系权威规范-20260714/SYNOVA-RESEARCH-第二章-42条因果边权威定义-v1-0-20260714.md",2,246,"246,1335"
CC,CC-DATA-01,AD01,"docs/synova/research/权威文档01-本体层因果体系权威规范-20260714/SYNOVA-RESEARCH-第二章-42条因果边权威定义-v1-0-20260714.md",1,319,"319"
CC,CC-DEC-01,AD01,"docs/synova/research/权威文档01-本体层因果体系权威规范-20260714/SYNOVA-RESEARCH-第二章-42条因果边权威定义-v1-0-20260714.md",1,365,"365"
CC,CC-TRUST-01,AD01,"docs/synova/research/权威文档01-本体层因果体系权威规范-20260714/SYNOVA-RESEARCH-第二章-42条因果边权威定义-v1-0-20260714.md",2,398,"398,739"
CC,CC-POWER-01,AD01,"docs/synova/research/权威文档01-本体层因果体系权威规范-20260714/SYNOVA-RESEARCH-第二章-42条因果边权威定义-v1-0-20260714.md",2,431,"431,500"
CC,CC-ALLOC-01,AD01,"docs/synova/research/权威文档01-本体层因果体系权威规范-20260714/SYNOVA-RESEARCH-第二章-42条因果边权威定义-v1-0-20260714.md",1,467,"467"
CC,CC-DEPLOY-01,AD01,"docs/synova/research/权威文档01-本体层因果体系权威规范-20260714/SYNOVA-RESEARCH-第二章-42条因果边权威定义-v1-0-20260714.md",1,536,"536"
CC,CC-INFO-01,AD01,"docs/synova/research/权威文档01-本体层因果体系权威规范-20260714/SYNOVA-RESEARCH-第二章-42条因果边权威定义-v1-0-20260714.md",1,569,"569"
CC,CC-INCENT-01,AD01,"docs/synova/research/权威文档01-本体层因果体系权威规范-20260714/SYNOVA-RESEARCH-第二章-42条因果边权威定义-v1-0-20260714.md",1,603,"603"
CC,CC-RULE-01,AD01,"docs/synova/research/权威文档01-本体层因果体系权威规范-20260714/SYNOVA-RESEARCH-第二章-42条因果边权威定义-v1-0-20260714.md",1,637,"637"
CC,CC-SHARE-01,AD01,"docs/synova/research/权威文档01-本体层因果体系权威规范-20260714/SYNOVA-RESEARCH-第二章-42条因果边权威定义-v1-0-20260714.md",1,706,"706"
CC,CC-RIGID-01,AD01,"docs/synova/research/权威文档01-本体层因果体系权威规范-20260714/SYNOVA-RESEARCH-第二章-42条因果边权威定义-v1-0-20260714.md",1,773,"773"
CC,CC-EXEC-01,AD01,"docs/synova/research/权威文档01-本体层因果体系权威规范-20260714/SYNOVA-RESEARCH-第二章-42条因果边权威定义-v1-0-20260714.md",1,808,"808"
CC,CC-INNOV-01,AD01,"docs/synova/research/权威文档01-本体层因果体系权威规范-20260714/SYNOVA-RESEARCH-第二章-42条因果边权威定义-v1-0-20260714.md",1,842,"842"
CC,CC-BRAND-01,AD01,"docs/synova/research/权威文档01-本体层因果体系权威规范-20260714/SYNOVA-RESEARCH-第二章-42条因果边权威定义-v1-0-20260714.md",1,878,"878"
CC,CC-PROD-01,AD01,"docs/synova/research/权威文档01-本体层因果体系权威规范-20260714/SYNOVA-RESEARCH-第二章-42条因果边权威定义-v1-0-20260714.md",1,911,"911"
CC,CC-TECH-01,AD01,"docs/synova/research/权威文档01-本体层因果体系权威规范-20260714/SYNOVA-RESEARCH-第二章-42条因果边权威定义-v1-0-20260714.md",1,1015,"1015"
CC,CC-PRICE-01,AD01,"docs/synova/research/权威文档01-本体层因果体系权威规范-20260714/SYNOVA-RESEARCH-第二章-42条因果边权威定义-v1-0-20260714.md",1,1051,"1051"
CC,CC-RETAIN-01,AD01,"docs/synova/research/权威文档01-本体层因果体系权威规范-20260714/SYNOVA-RESEARCH-第二章-42条因果边权威定义-v1-0-20260714.md",1,1087,"1087"
CC,CC-COMPET-01,AD01,"docs/synova/research/权威文档01-本体层因果体系权威规范-20260714/SYNOVA-RESEARCH-第二章-42条因果边权威定义-v1-0-20260714.md",1,1158,"1158"
CC,CC-FEED-01,AD01,"docs/synova/research/权威文档01-本体层因果体系权威规范-20260714/SYNOVA-RESEARCH-第二章-42条因果边权威定义-v1-0-20260714.md",1,1229,"1229"
CC,CC-REUSE-01,AD01,"docs/synova/research/权威文档01-本体层因果体系权威规范-20260714/SYNOVA-RESEARCH-第二章-42条因果边权威定义-v1-0-20260714.md",1,1371,"1371"
CC,CC-ASSUME-01,AD01,"docs/synova/research/权威文档01-本体层因果体系权威规范-20260714/SYNOVA-RESEARCH-第二章-42条因果边权威定义-v1-0-20260714.md",1,1480,"1480"
E,E-05,AD01,"docs/synova/research/权威文档01-本体层因果体系权威规范-20260714/SYNOVA-RESEARCH-第五章-因果链设计-v1-0-20260714.md",4,16,"16,56,64,1115"
E,E-13,AD01,"docs/synova/research/权威文档01-本体层因果体系权威规范-20260714/SYNOVA-RESEARCH-第五章-因果链设计-v1-0-20260714.md",9,16,"16,61,109,181,486,521"
E,E-23,AD01,"docs/synova/research/权威文档01-本体层因果体系权威规范-20260714/SYNOVA-RESEARCH-第五章-因果链设计-v1-0-20260714.md",14,16,"16,66,141,233,268,300"
E,E-30,AD01,"docs/synova/research/权威文档01-本体层因果体系权威规范-20260714/SYNOVA-RESEARCH-第五章-因果链设计-v1-0-20260714.md",7,16,"16,71,146,328,410,447"
E,E-37,AD01,"docs/synova/research/权威文档01-本体层因果体系权威规范-20260714/SYNOVA-RESEARCH-第五章-因果链设计-v1-0-20260714.md",7,16,"16,76,114,151,176,457"
E,E-06,AD01,"docs/synova/research/权威文档01-本体层因果体系权威规范-20260714/SYNOVA-RESEARCH-第五章-因果链设计-v1-0-20260714.md",1,104,"104"
E,E-34,AD01,"docs/synova/research/权威文档01-本体层因果体系权威规范-20260714/SYNOVA-RESEARCH-第五章-因果链设计-v1-0-20260714.md",1,136,"136"
E,E-33,AD01,"docs/synova/research/权威文档01-本体层因果体系权威规范-20260714/SYNOVA-RESEARCH-第五章-因果链设计-v1-0-20260714.md",4,186,"186,415,452,624"
E,E-36,AD01,"docs/synova/research/权威文档01-本体层因果体系权威规范-20260714/SYNOVA-RESEARCH-第五章-因果链设计-v1-0-20260714.md",2,191,"191,420"
E,E-12,AD01,"docs/synova/research/权威文档01-本体层因果体系权威规范-20260714/SYNOVA-RESEARCH-第五章-因果链设计-v1-0-20260714.md",1,196,"196"
E,E-07,AD01,"docs/synova/research/权威文档01-本体层因果体系权威规范-20260714/SYNOVA-RESEARCH-第五章-因果链设计-v1-0-20260714.md",4,218,"218,273,383,830"
E,E-08,AD01,"docs/synova/research/权威文档01-本体层因果体系权威规范-20260714/SYNOVA-RESEARCH-第五章-因果链设计-v1-0-20260714.md",1,223,"223"
E,E-15,AD01,"docs/synova/research/权威文档01-本体层因果体系权威规范-20260714/SYNOVA-RESEARCH-第五章-因果链设计-v1-0-20260714.md",1,228,"228"
E,E-38,AD01,"docs/synova/research/权威文档01-本体层因果体系权威规范-20260714/SYNOVA-RESEARCH-第五章-因果链设计-v1-0-20260714.md",1,253,"253"
E,E-41,AD01,"docs/synova/research/权威文档01-本体层因果体系权威规范-20260714/SYNOVA-RESEARCH-第五章-因果链设计-v1-0-20260714.md",1,258,"258"
E,E-20,AD01,"docs/synova/research/权威文档01-本体层因果体系权威规范-20260714/SYNOVA-RESEARCH-第五章-因果链设计-v1-0-20260714.md",3,263,"263,576,654"
E,E-17,AD01,"docs/synova/research/权威文档01-本体层因果体系权威规范-20260714/SYNOVA-RESEARCH-第五章-因果链设计-v1-0-20260714.md",1,295,"295"
E,E-32,AD01,"docs/synova/research/权威文档01-本体层因果体系权威规范-20260714/SYNOVA-RESEARCH-第五章-因果链设计-v1-0-20260714.md",1,323,"323"
E,E-31,AD01,"docs/synova/research/权威文档01-本体层因果体系权威规范-20260714/SYNOVA-RESEARCH-第五章-因果链设计-v1-0-20260714.md",4,333,"333,373,691,829"
E,E-35,AD01,"docs/synova/research/权威文档01-本体层因果体系权威规范-20260714/SYNOVA-RESEARCH-第五章-因果链设计-v1-0-20260714.md",1,338,"338"
E,E-26,AD01,"docs/synova/research/权威文档01-本体层因果体系权威规范-20260714/SYNOVA-RESEARCH-第五章-因果链设计-v1-0-20260714.md",2,343,"343,746"
E,E-24,AD01,"docs/synova/research/权威文档01-本体层因果体系权威规范-20260714/SYNOVA-RESEARCH-第五章-因果链设计-v1-0-20260714.md",4,363,"363,581,659,741"
E,E-27,AD01,"docs/synova/research/权威文档01-本体层因果体系权威规范-20260714/SYNOVA-RESEARCH-第五章-因果链设计-v1-0-20260714.md",2,368,"368,686"
E,E-25,AD01,"docs/synova/research/权威文档01-本体层因果体系权威规范-20260714/SYNOVA-RESEARCH-第五章-因果链设计-v1-0-20260714.md",1,378,"378"
E,E-03,AD01,"docs/synova/research/权威文档01-本体层因果体系权威规范-20260714/SYNOVA-RESEARCH-第五章-因果链设计-v1-0-20260714.md",2,405,"405,614"
E,E-14,AD01,"docs/synova/research/权威文档01-本体层因果体系权威规范-20260714/SYNOVA-RESEARCH-第五章-因果链设计-v1-0-20260714.md",3,481,"481,516,773"
E,E-16,AD01,"docs/synova/research/权威文档01-本体层因果体系权威规范-20260714/SYNOVA-RESEARCH-第五章-因果链设计-v1-0-20260714.md",1,511,"511"
E,E-21,AD01,"docs/synova/research/权威文档01-本体层因果体系权威规范-20260714/SYNOVA-RESEARCH-第五章-因果链设计-v1-0-20260714.md",1,541,"541"
E,E-28,AD01,"docs/synova/research/权威文档01-本体层因果体系权威规范-20260714/SYNOVA-RESEARCH-第五章-因果链设计-v1-0-20260714.md",2,546,"546,736"
E,E-19,AD01,"docs/synova/research/权威文档01-本体层因果体系权威规范-20260714/SYNOVA-RESEARCH-第五章-因果链设计-v1-0-20260714.md",2,571,"571,649"
E,E-01,AD01,"docs/synova/research/权威文档01-本体层因果体系权威规范-20260714/SYNOVA-RESEARCH-第五章-因果链设计-v1-0-20260714.md",1,604,"604"
E,E-02,AD01,"docs/synova/research/权威文档01-本体层因果体系权威规范-20260714/SYNOVA-RESEARCH-第五章-因果链设计-v1-0-20260714.md",1,609,"609"
E,E-04,AD01,"docs/synova/research/权威文档01-本体层因果体系权威规范-20260714/SYNOVA-RESEARCH-第五章-因果链设计-v1-0-20260714.md",1,644,"644"
E,E-29,AD01,"docs/synova/research/权威文档01-本体层因果体系权威规范-20260714/SYNOVA-RESEARCH-第五章-因果链设计-v1-0-20260714.md",1,711,"711"
E,E-09,AD01,"docs/synova/research/权威文档01-本体层因果体系权威规范-20260714/SYNOVA-RESEARCH-第五章-因果链设计-v1-0-20260714.md",1,768,"768"
E,E-18,AD01,"docs/synova/research/权威文档01-本体层因果体系权威规范-20260714/SYNOVA-RESEARCH-第五章-因果链设计-v1-0-20260714.md",1,800,"800"
CC,CC-TALENT-01,AD01,"docs/synova/research/权威文档01-本体层因果体系权威规范-20260714/SYNOVA-RESEARCH-第五章-因果链设计-v1-0-20260714.md",1,208,"208"
CC,CC-TALENT-02,AD01,"docs/synova/research/权威文档01-本体层因果体系权威规范-20260714/SYNOVA-RESEARCH-第五章-因果链设计-v1-0-20260714.md",1,243,"243"
CC,CC-TALENT-03,AD01,"docs/synova/research/权威文档01-本体层因果体系权威规范-20260714/SYNOVA-RESEARCH-第五章-因果链设计-v1-0-20260714.md",1,285,"285"
CC,CC-CLIENT-01,AD01,"docs/synova/research/权威文档01-本体层因果体系权威规范-20260714/SYNOVA-RESEARCH-第五章-因果链设计-v1-0-20260714.md",1,313,"313"
CC,CC-CLIENT-02,AD01,"docs/synova/research/权威文档01-本体层因果体系权威规范-20260714/SYNOVA-RESEARCH-第五章-因果链设计-v1-0-20260714.md",1,353,"353"
CC,CC-CLIENT-03,AD01,"docs/synova/research/权威文档01-本体层因果体系权威规范-20260714/SYNOVA-RESEARCH-第五章-因果链设计-v1-0-20260714.md",1,395,"395"
CC,CC-CLIENT-04,AD01,"docs/synova/research/权威文档01-本体层因果体系权威规范-20260714/SYNOVA-RESEARCH-第五章-因果链设计-v1-0-20260714.md",1,432,"432"
CC,CC-ORG-01,AD01,"docs/synova/research/权威文档01-本体层因果体系权威规范-20260714/SYNOVA-RESEARCH-第五章-因果链设计-v1-0-20260714.md",1,471,"471"
CC,CC-ORG-02,AD01,"docs/synova/research/权威文档01-本体层因果体系权威规范-20260714/SYNOVA-RESEARCH-第五章-因果链设计-v1-0-20260714.md",1,501,"501"
CC,CC-ORG-03,AD01,"docs/synova/research/权威文档01-本体层因果体系权威规范-20260714/SYNOVA-RESEARCH-第五章-因果链设计-v1-0-20260714.md",1,531,"531"
CC,CC-ORG-04,AD01,"docs/synova/research/权威文档01-本体层因果体系权威规范-20260714/SYNOVA-RESEARCH-第五章-因果链设计-v1-0-20260714.md",1,561,"561"
CC,CC-SCAN-01,AD01,"docs/synova/research/权威文档01-本体层因果体系权威规范-20260714/SYNOVA-RESEARCH-第五章-因果链设计-v1-0-20260714.md",1,594,"594"
CC,CC-LEARN-01,AD01,"docs/synova/research/权威文档01-本体层因果体系权威规范-20260714/SYNOVA-RESEARCH-第五章-因果链设计-v1-0-20260714.md",1,634,"634"
CC,CC-OPS-01,AD01,"docs/synova/research/权威文档01-本体层因果体系权威规范-20260714/SYNOVA-RESEARCH-第五章-因果链设计-v1-0-20260714.md",1,671,"671"
CC,CC-OPS-02,AD01,"docs/synova/research/权威文档01-本体层因果体系权威规范-20260714/SYNOVA-RESEARCH-第五章-因果链设计-v1-0-20260714.md",1,701,"701"
CC,CC-OPS-03,AD01,"docs/synova/research/权威文档01-本体层因果体系权威规范-20260714/SYNOVA-RESEARCH-第五章-因果链设计-v1-0-20260714.md",1,726,"726"
CC,CC-DATA-01,AD01,"docs/synova/research/权威文档01-本体层因果体系权威规范-20260714/SYNOVA-RESEARCH-第五章-因果链设计-v1-0-20260714.md",1,758,"758"
CC,CC-RULE-01,AD01,"docs/synova/research/权威文档01-本体层因果体系权威规范-20260714/SYNOVA-RESEARCH-第五章-因果链设计-v1-0-20260714.md",1,790,"790"
sentinelKebab,sentinel-loader,AD01,"docs/synova/research/权威文档01-本体层因果体系权威规范-20260714/SYNOVA-RESEARCH-第五章-因果链设计-v1-0-20260714.md",2,1089,"1089,1176"
computeCamel,computeElasticities,AD01,"docs/synova/research/权威文档01-本体层因果体系权威规范-20260714/SYNOVA-RESEARCH-第五章-因果链设计-v1-0-20260714.md",2,981,"981,1053"
E,E-01,AD01,"docs/synova/research/权威文档01-本体层因果体系权威规范-20260714/SYNOVA-RESEARCH-第六章-与现有体系对齐-v1-0-20260714.md",15,31,"31,81,83,106,107,108"
E,E-02,AD01,"docs/synova/research/权威文档01-本体层因果体系权威规范-20260714/SYNOVA-RESEARCH-第六章-与现有体系对齐-v1-0-20260714.md",10,32,"32,81,84,106,110,184"
E,E-03,AD01,"docs/synova/research/权威文档01-本体层因果体系权威规范-20260714/SYNOVA-RESEARCH-第六章-与现有体系对齐-v1-0-20260714.md",15,33,"33,82,83,107,130,132"
E,E-04,AD01,"docs/synova/research/权威文档01-本体层因果体系权威规范-20260714/SYNOVA-RESEARCH-第六章-与现有体系对齐-v1-0-20260714.md",5,34,"34,84,85,136"
E,E-05,AD01,"docs/synova/research/权威文档01-本体层因果体系权威规范-20260714/SYNOVA-RESEARCH-第六章-与现有体系对齐-v1-0-20260714.md",20,35,"35,83,87,111,112,113"
E,E-06,AD01,"docs/synova/research/权威文档01-本体层因果体系权威规范-20260714/SYNOVA-RESEARCH-第六章-与现有体系对齐-v1-0-20260714.md",18,36,"36,83,85,111,113,155"
E,E-07,AD01,"docs/synova/research/权威文档01-本体层因果体系权威规范-20260714/SYNOVA-RESEARCH-第六章-与现有体系对齐-v1-0-20260714.md",8,37,"37,79,114,115,207"
E,E-08,AD01,"docs/synova/research/权威文档01-本体层因果体系权威规范-20260714/SYNOVA-RESEARCH-第六章-与现有体系对齐-v1-0-20260714.md",13,38,"38,79,86,118,119,126"
E,E-09,AD01,"docs/synova/research/权威文档01-本体层因果体系权威规范-20260714/SYNOVA-RESEARCH-第六章-与现有体系对齐-v1-0-20260714.md",9,39,"39,84,85,116,117,199"
E,E-10,AD01,"docs/synova/research/权威文档01-本体层因果体系权威规范-20260714/SYNOVA-RESEARCH-第六章-与现有体系对齐-v1-0-20260714.md",7,40,"40,83,87,118,209"
E,E-11,AD01,"docs/synova/research/权威文档01-本体层因果体系权威规范-20260714/SYNOVA-RESEARCH-第六章-与现有体系对齐-v1-0-20260714.md",8,41,"41,88,90,125,151,405"
E,E-12,AD01,"docs/synova/research/权威文档01-本体层因果体系权威规范-20260714/SYNOVA-RESEARCH-第六章-与现有体系对齐-v1-0-20260714.md",11,42,"42,82,120,121,132,203"
E,E-13,AD01,"docs/synova/research/权威文档01-本体层因果体系权威规范-20260714/SYNOVA-RESEARCH-第六章-与现有体系对齐-v1-0-20260714.md",17,43,"43,85,87,113,119,154"
E,E-14,AD01,"docs/synova/research/权威文档01-本体层因果体系权威规范-20260714/SYNOVA-RESEARCH-第六章-与现有体系对齐-v1-0-20260714.md",13,44,"44,79,80,120,121,129"
E,E-15,AD01,"docs/synova/research/权威文档01-本体层因果体系权威规范-20260714/SYNOVA-RESEARCH-第六章-与现有体系对齐-v1-0-20260714.md",9,45,"45,80,87,114,115,207"
E,E-16,AD01,"docs/synova/research/权威文档01-本体层因果体系权威规范-20260714/SYNOVA-RESEARCH-第六章-与现有体系对齐-v1-0-20260714.md",9,46,"46,78,81,122,205,211"
E,E-17,AD01,"docs/synova/research/权威文档01-本体层因果体系权威规范-20260714/SYNOVA-RESEARCH-第六章-与现有体系对齐-v1-0-20260714.md",11,47,"47,86,123,124,183,204"
E,E-18,AD01,"docs/synova/research/权威文档01-本体层因果体系权威规范-20260714/SYNOVA-RESEARCH-第六章-与现有体系对齐-v1-0-20260714.md",15,48,"48,83,86,110,112,147"
E,E-19,AD01,"docs/synova/research/权威文档01-本体层因果体系权威规范-20260714/SYNOVA-RESEARCH-第六章-与现有体系对齐-v1-0-20260714.md",13,49,"49,84,137,146,182,201"
E,E-20,AD01,"docs/synova/research/权威文档01-本体层因果体系权威规范-20260714/SYNOVA-RESEARCH-第六章-与现有体系对齐-v1-0-20260714.md",7,50,"50,78,84,135,208"
E,E-21,AD01,"docs/synova/research/权威文档01-本体层因果体系权威规范-20260714/SYNOVA-RESEARCH-第六章-与现有体系对齐-v1-0-20260714.md",7,51,"51,78,79,125,206,405"
E,E-22,AD01,"docs/synova/research/权威文档01-本体层因果体系权威规范-20260714/SYNOVA-RESEARCH-第六章-与现有体系对齐-v1-0-20260714.md",4,52,"52,80,81,405"
E,E-23,AD01,"docs/synova/research/权威文档01-本体层因果体系权威规范-20260714/SYNOVA-RESEARCH-第六章-与现有体系对齐-v1-0-20260714.md",29,53,"53,80,85,87,127,128"
E,E-24,AD01,"docs/synova/research/权威文档01-本体层因果体系权威规范-20260714/SYNOVA-RESEARCH-第六章-与现有体系对齐-v1-0-20260714.md",11,54,"54,84,87,135,137,201"
E,E-25,AD01,"docs/synova/research/权威文档01-本体层因果体系权威规范-20260714/SYNOVA-RESEARCH-第六章-与现有体系对齐-v1-0-20260714.md",16,55,"55,88,90,133,144,151"
E,E-26,AD01,"docs/synova/research/权威文档01-本体层因果体系权威规范-20260714/SYNOVA-RESEARCH-第六章-与现有体系对齐-v1-0-20260714.md",7,56,"56,86,126,217,234"
E,E-27,AD01,"docs/synova/research/权威文档01-本体层因果体系权威规范-20260714/SYNOVA-RESEARCH-第六章-与现有体系对齐-v1-0-20260714.md",3,57,"57,80,87"
E,E-28,AD01,"docs/synova/research/权威文档01-本体层因果体系权威规范-20260714/SYNOVA-RESEARCH-第六章-与现有体系对齐-v1-0-20260714.md",7,58,"58,78,79,125,206"
E,E-29,AD01,"docs/synova/research/权威文档01-本体层因果体系权威规范-20260714/SYNOVA-RESEARCH-第六章-与现有体系对齐-v1-0-20260714.md",7,59,"59,83,87,149,150"
E,E-30,AD01,"docs/synova/research/权威文档01-本体层因果体系权威规范-20260714/SYNOVA-RESEARCH-第六章-与现有体系对齐-v1-0-20260714.md",30,60,"60,88,89,127,128,129"
E,E-31,AD01,"docs/synova/research/权威文档01-本体层因果体系权威规范-20260714/SYNOVA-RESEARCH-第六章-与现有体系对齐-v1-0-20260714.md",12,61,"61,81,88,142,143,191"
E,E-32,AD01,"docs/synova/research/权威文档01-本体层因果体系权威规范-20260714/SYNOVA-RESEARCH-第六章-与现有体系对齐-v1-0-20260714.md",7,62,"62,85,88,134,197"
E,E-33,AD01,"docs/synova/research/权威文档01-本体层因果体系权威规范-20260714/SYNOVA-RESEARCH-第六章-与现有体系对齐-v1-0-20260714.md",19,63,"63,82,84,108,129,142"
E,E-34,AD01,"docs/synova/research/权威文档01-本体层因果体系权威规范-20260714/SYNOVA-RESEARCH-第六章-与现有体系对齐-v1-0-20260714.md",9,64,"64,83,89,138,139,140"
E,E-35,AD01,"docs/synova/research/权威文档01-本体层因果体系权威规范-20260714/SYNOVA-RESEARCH-第六章-与现有体系对齐-v1-0-20260714.md",7,65,"65,81,84,106,152"
E,E-36,AD01,"docs/synova/research/权威文档01-本体层因果体系权威规范-20260714/SYNOVA-RESEARCH-第六章-与现有体系对齐-v1-0-20260714.md",16,66,"66,87,88,129,131,189"
E,E-37,AD01,"docs/synova/research/权威文档01-本体层因果体系权威规范-20260714/SYNOVA-RESEARCH-第六章-与现有体系对齐-v1-0-20260714.md",9,67,"67,85,87,127,187,216"
E,E-38,AD01,"docs/synova/research/权威文档01-本体层因果体系权威规范-20260714/SYNOVA-RESEARCH-第六章-与现有体系对齐-v1-0-20260714.md",5,68,"68,78,79,207"
E,E-39,AD01,"docs/synova/research/权威文档01-本体层因果体系权威规范-20260714/SYNOVA-RESEARCH-第六章-与现有体系对齐-v1-0-20260714.md",3,69,"69,84,85"
E,E-40,AD01,"docs/synova/research/权威文档01-本体层因果体系权威规范-20260714/SYNOVA-RESEARCH-第六章-与现有体系对齐-v1-0-20260714.md",6,70,"70,88,90,151,405"
E,E-41,AD01,"docs/synova/research/权威文档01-本体层因果体系权威规范-20260714/SYNOVA-RESEARCH-第六章-与现有体系对齐-v1-0-20260714.md",4,71,"71,79,87,405"
E,E-42,AD01,"docs/synova/research/权威文档01-本体层因果体系权威规范-20260714/SYNOVA-RESEARCH-第六章-与现有体系对齐-v1-0-20260714.md",5,72,"72,81,86,404,405"
sentinelKebab,sentinel-cash-runway,AD01,"docs/synova/research/权威文档01-本体层因果体系权威规范-20260714/SYNOVA-RESEARCH-第六章-与现有体系对齐-v1-0-20260714.md",1,347,"347"
computeCamel,computeBreakEven,AD01,"docs/synova/research/权威文档01-本体层因果体系权威规范-20260714/SYNOVA-RESEARCH-第六章-与现有体系对齐-v1-0-20260714.md",1,176,"176"
computeCamel,computeDOL,AD01,"docs/synova/research/权威文档01-本体层因果体系权威规范-20260714/SYNOVA-RESEARCH-第六章-与现有体系对齐-v1-0-20260714.md",1,177,"177"
computeCamel,computePriceElasticity,AD01,"docs/synova/research/权威文档01-本体层因果体系权威规范-20260714/SYNOVA-RESEARCH-第六章-与现有体系对齐-v1-0-20260714.md",1,178,"178"
computeCamel,computeNPV,AD01,"docs/synova/research/权威文档01-本体层因果体系权威规范-20260714/SYNOVA-RESEARCH-第六章-与现有体系对齐-v1-0-20260714.md",2,179,"179,231"
computeCamel,computeMarginalCost,AD01,"docs/synova/research/权威文档01-本体层因果体系权威规范-20260714/SYNOVA-RESEARCH-第六章-与现有体系对齐-v1-0-20260714.md",1,180,"180"
computeCamel,computeHHI,AD01,"docs/synova/research/权威文档01-本体层因果体系权威规范-20260714/SYNOVA-RESEARCH-第六章-与现有体系对齐-v1-0-20260714.md",1,181,"181"
computeCamel,computeLearningCurve,AD01,"docs/synova/research/权威文档01-本体层因果体系权威规范-20260714/SYNOVA-RESEARCH-第六章-与现有体系对齐-v1-0-20260714.md",1,182,"182"
computeCamel,computeAgencyCost,AD01,"docs/synova/research/权威文档01-本体层因果体系权威规范-20260714/SYNOVA-RESEARCH-第六章-与现有体系对齐-v1-0-20260714.md",1,183,"183"
computeCamel,computeSurvivalMargin,AD01,"docs/synova/research/权威文档01-本体层因果体系权威规范-20260714/SYNOVA-RESEARCH-第六章-与现有体系对齐-v1-0-20260714.md",1,184,"184"
computeCamel,computeCSFProfile,AD01,"docs/synova/research/权威文档01-本体层因果体系权威规范-20260714/SYNOVA-RESEARCH-第六章-与现有体系对齐-v1-0-20260714.md",1,185,"185"
computeCamel,computeCapitalEfficiency,AD01,"docs/synova/research/权威文档01-本体层因果体系权威规范-20260714/SYNOVA-RESEARCH-第六章-与现有体系对齐-v1-0-20260714.md",1,186,"186"
computeCamel,computeCapitalTurnover,AD01,"docs/synova/research/权威文档01-本体层因果体系权威规范-20260714/SYNOVA-RESEARCH-第六章-与现有体系对齐-v1-0-20260714.md",1,187,"187"
computeCamel,computeDebtEquityRatio,AD01,"docs/synova/research/权威文档01-本体层因果体系权威规范-20260714/SYNOVA-RESEARCH-第六章-与现有体系对齐-v1-0-20260714.md",1,188,"188"
computeCamel,computeCompetitivePosition,AD01,"docs/synova/research/权威文档01-本体层因果体系权威规范-20260714/SYNOVA-RESEARCH-第六章-与现有体系对齐-v1-0-20260714.md",2,189,"189,232"
computeCamel,computeMarketGrowthRate,AD01,"docs/synova/research/权威文档01-本体层因果体系权威规范-20260714/SYNOVA-RESEARCH-第六章-与现有体系对齐-v1-0-20260714.md",1,190,"190"
computeCamel,computeSwitchingCost,AD01,"docs/synova/research/权威文档01-本体层因果体系权威规范-20260714/SYNOVA-RESEARCH-第六章-与现有体系对齐-v1-0-20260714.md",1,191,"191"
computeCamel,computeBrandStrength,AD01,"docs/synova/research/权威文档01-本体层因果体系权威规范-20260714/SYNOVA-RESEARCH-第六章-与现有体系对齐-v1-0-20260714.md",1,192,"192"
computeCamel,computeNetworkEffectDensity,AD01,"docs/synova/research/权威文档01-本体层因果体系权威规范-20260714/SYNOVA-RESEARCH-第六章-与现有体系对齐-v1-0-20260714.md",1,193,"193"
computeCamel,computeMarginalContribution,AD01,"docs/synova/research/权威文档01-本体层因果体系权威规范-20260714/SYNOVA-RESEARCH-第六章-与现有体系对齐-v1-0-20260714.md",1,194,"194"
computeCamel,computeFixedCostRigidity,AD01,"docs/synova/research/权威文档01-本体层因果体系权威规范-20260714/SYNOVA-RESEARCH-第六章-与现有体系对齐-v1-0-20260714.md",4,195,"195,348,360,365"
computeCamel,computeCashRunway,AD01,"docs/synova/research/权威文档01-本体层因果体系权威规范-20260714/SYNOVA-RESEARCH-第六章-与现有体系对齐-v1-0-20260714.md",1,196,"196"
computeCamel,computeChannelCapacity,AD01,"docs/synova/research/权威文档01-本体层因果体系权威规范-20260714/SYNOVA-RESEARCH-第六章-与现有体系对齐-v1-0-20260714.md",1,197,"197"
computeCamel,computeDemandShift,AD01,"docs/synova/research/权威文档01-本体层因果体系权威规范-20260714/SYNOVA-RESEARCH-第六章-与现有体系对齐-v1-0-20260714.md",1,198,"198"
computeCamel,computeDataFreshness,AD01,"docs/synova/research/权威文档01-本体层因果体系权威规范-20260714/SYNOVA-RESEARCH-第六章-与现有体系对齐-v1-0-20260714.md",1,199,"199"
computeCamel,computeEnvRentDependency,AD01,"docs/synova/research/权威文档01-本体层因果体系权威规范-20260714/SYNOVA-RESEARCH-第六章-与现有体系对齐-v1-0-20260714.md",1,200,"200"
computeCamel,computeEEBalance,AD01,"docs/synova/research/权威文档01-本体层因果体系权威规范-20260714/SYNOVA-RESEARCH-第六章-与现有体系对齐-v1-0-20260714.md",2,201,"201,233"
computeCamel,computeFinancingConstraint,AD01,"docs/synova/research/权威文档01-本体层因果体系权威规范-20260714/SYNOVA-RESEARCH-第六章-与现有体系对齐-v1-0-20260714.md",1,202,"202"
computeCamel,computeGrowthQuality,AD01,"docs/synova/research/权威文档01-本体层因果体系权威规范-20260714/SYNOVA-RESEARCH-第六章-与现有体系对齐-v1-0-20260714.md",1,203,"203"
computeCamel,computeIncentiveDistortion,AD01,"docs/synova/research/权威文档01-本体层因果体系权威规范-20260714/SYNOVA-RESEARCH-第六章-与现有体系对齐-v1-0-20260714.md",1,204,"204"
computeCamel,computeInfoDistortion,AD01,"docs/synova/research/权威文档01-本体层因果体系权威规范-20260714/SYNOVA-RESEARCH-第六章-与现有体系对齐-v1-0-20260714.md",1,205,"205"
computeCamel,computeInternalTxnCost,AD01,"docs/synova/research/权威文档01-本体层因果体系权威规范-20260714/SYNOVA-RESEARCH-第六章-与现有体系对齐-v1-0-20260714.md",1,206,"206"
computeCamel,computeKeyPersonRisk,AD01,"docs/synova/research/权威文档01-本体层因果体系权威规范-20260714/SYNOVA-RESEARCH-第六章-与现有体系对齐-v1-0-20260714.md",1,207,"207"
computeCamel,computeKnowledgeAccess,AD01,"docs/synova/research/权威文档01-本体层因果体系权威规范-20260714/SYNOVA-RESEARCH-第六章-与现有体系对齐-v1-0-20260714.md",1,208,"208"
computeCamel,computeMakeOrBuy,AD01,"docs/synova/research/权威文档01-本体层因果体系权威规范-20260714/SYNOVA-RESEARCH-第六章-与现有体系对齐-v1-0-20260714.md",1,209,"209"
computeCamel,computeMoatDependency,AD01,"docs/synova/research/权威文档01-本体层因果体系权威规范-20260714/SYNOVA-RESEARCH-第六章-与现有体系对齐-v1-0-20260714.md",1,210,"210"
computeCamel,computeNetworkPower,AD01,"docs/synova/research/权威文档01-本体层因果体系权威规范-20260714/SYNOVA-RESEARCH-第六章-与现有体系对齐-v1-0-20260714.md",1,211,"211"
computeCamel,computeConcentrationGini,AD01,"docs/synova/research/权威文档01-本体层因果体系权威规范-20260714/SYNOVA-RESEARCH-第六章-与现有体系对齐-v1-0-20260714.md",1,212,"212"
computeCamel,computeResourceMisallocation,AD01,"docs/synova/research/权威文档01-本体层因果体系权威规范-20260714/SYNOVA-RESEARCH-第六章-与现有体系对齐-v1-0-20260714.md",1,213,"213"
computeCamel,computeRevenueGrowth,AD01,"docs/synova/research/权威文档01-本体层因果体系权威规范-20260714/SYNOVA-RESEARCH-第六章-与现有体系对齐-v1-0-20260714.md",1,214,"214"
computeCamel,computeUnitEconomics,AD01,"docs/synova/research/权威文档01-本体层因果体系权威规范-20260714/SYNOVA-RESEARCH-第六章-与现有体系对齐-v1-0-20260714.md",1,215,"215"
computeCamel,computeValueCapture,AD01,"docs/synova/research/权威文档01-本体层因果体系权威规范-20260714/SYNOVA-RESEARCH-第六章-与现有体系对齐-v1-0-20260714.md",1,216,"216"
computeCamel,computeBModelCoherence,AD01,"docs/synova/research/权威文档01-本体层因果体系权威规范-20260714/SYNOVA-RESEARCH-第六章-与现有体系对齐-v1-0-20260714.md",2,217,"217,234"
E,E-01,AD01,"docs/synova/research/权威文档01-本体层因果体系权威规范-20260714/SYNOVA-RESEARCH-第四章-边节点映射矩阵-v1-0-20260714.md",7,56,"56,58,83,109,659,660"
E,E-04,AD01,"docs/synova/research/权威文档01-本体层因果体系权威规范-20260714/SYNOVA-RESEARCH-第四章-边节点映射矩阵-v1-0-20260714.md",3,56,"56,100,317"
E,E-02,AD01,"docs/synova/research/权威文档01-本体层因果体系权威规范-20260714/SYNOVA-RESEARCH-第四章-边节点映射矩阵-v1-0-20260714.md",2,73,"73,109"
E,E-03,AD01,"docs/synova/research/权威文档01-本体层因果体系权威规范-20260714/SYNOVA-RESEARCH-第四章-边节点映射矩阵-v1-0-20260714.md",1,86,"86"
E,E-23,AD01,"docs/synova/research/权威文档01-本体层因果体系权威规范-20260714/SYNOVA-RESEARCH-第四章-边节点映射矩阵-v1-0-20260714.md",3,96,"96,219,363"
E,E-33,AD01,"docs/synova/research/权威文档01-本体层因果体系权威规范-20260714/SYNOVA-RESEARCH-第四章-边节点映射矩阵-v1-0-20260714.md",4,96,"96,490,508,673"
E,E-19,AD01,"docs/synova/research/权威文档01-本体层因果体系权威规范-20260714/SYNOVA-RESEARCH-第四章-边节点映射矩阵-v1-0-20260714.md",3,109,"109,305,307"
E,E-05,AD01,"docs/synova/research/权威文档01-本体层因果体系权威规范-20260714/SYNOVA-RESEARCH-第四章-边节点映射矩阵-v1-0-20260714.md",4,113,"113,115,135,662"
E,E-12,AD01,"docs/synova/research/权威文档01-本体层因果体系权威规范-20260714/SYNOVA-RESEARCH-第四章-边节点映射矩阵-v1-0-20260714.md",2,113,"113,210"
E,E-37,AD01,"docs/synova/research/权威文档01-本体层因果体系权威规范-20260714/SYNOVA-RESEARCH-第四章-边节点映射矩阵-v1-0-20260714.md",4,122,"122,566,568,674"
E,E-06,AD01,"docs/synova/research/权威文档01-本体层因果体系权威规范-20260714/SYNOVA-RESEARCH-第四章-边节点映射矩阵-v1-0-20260714.md",2,126,"126,663"
E,E-07,AD01,"docs/synova/research/权威文档01-本体层因果体系权威规范-20260714/SYNOVA-RESEARCH-第四章-边节点映射矩阵-v1-0-20260714.md",2,139,"139,664"
E,E-25,AD01,"docs/synova/research/权威文档01-本体层因果体系权威规范-20260714/SYNOVA-RESEARCH-第四章-边节点映射矩阵-v1-0-20260714.md",5,150,"150,206,219,392,670"
E,E-38,AD01,"docs/synova/research/权威文档01-本体层因果体系权威规范-20260714/SYNOVA-RESEARCH-第四章-边节点映射矩阵-v1-0-20260714.md",2,150,"150,581"
E,E-08,AD01,"docs/synova/research/权威文档01-本体层因果体系权威规范-20260714/SYNOVA-RESEARCH-第四章-边节点映射矩阵-v1-0-20260714.md",2,154,"154,665"
E,E-09,AD01,"docs/synova/research/权威文档01-本体层因果体系权威规范-20260714/SYNOVA-RESEARCH-第四章-边节点映射矩阵-v1-0-20260714.md",1,169,"169"
E,E-10,AD01,"docs/synova/research/权威文档01-本体层因果体系权威规范-20260714/SYNOVA-RESEARCH-第四章-边节点映射矩阵-v1-0-20260714.md",1,182,"182"
E,E-34,AD01,"docs/synova/research/权威文档01-本体层因果体系权威规范-20260714/SYNOVA-RESEARCH-第四章-边节点映射矩阵-v1-0-20260714.md",2,192,"192,522"
E,E-11,AD01,"docs/synova/research/权威文档01-本体层因果体系权威规范-20260714/SYNOVA-RESEARCH-第四章-边节点映射矩阵-v1-0-20260714.md",1,196,"196"
E,E-13,AD01,"docs/synova/research/权威文档01-本体层因果体系权威规范-20260714/SYNOVA-RESEARCH-第四章-边节点映射矩阵-v1-0-20260714.md",2,223,"223,225"
E,E-18,AD01,"docs/synova/research/权威文档01-本体层因果体系权威规范-20260714/SYNOVA-RESEARCH-第四章-边节点映射矩阵-v1-0-20260714.md",2,223,"223,292"
E,E-14,AD01,"docs/synova/research/权威文档01-本体层因果体系权威规范-20260714/SYNOVA-RESEARCH-第四章-边节点映射矩阵-v1-0-20260714.md",2,238,"238,666"
E,E-15,AD01,"docs/synova/research/权威文档01-本体层因果体系权威规范-20260714/SYNOVA-RESEARCH-第四章-边节点映射矩阵-v1-0-20260714.md",1,251,"251"
E,E-16,AD01,"docs/synova/research/权威文档01-本体层因果体系权威规范-20260714/SYNOVA-RESEARCH-第四章-边节点映射矩阵-v1-0-20260714.md",2,266,"266,667"
E,E-17,AD01,"docs/synova/research/权威文档01-本体层因果体系权威规范-20260714/SYNOVA-RESEARCH-第四章-边节点映射矩阵-v1-0-20260714.md",2,279,"279,668"
E,E-29,AD01,"docs/synova/research/权威文档01-本体层因果体系权威规范-20260714/SYNOVA-RESEARCH-第四章-边节点映射矩阵-v1-0-20260714.md",3,305,"305,448,671"
E,E-20,AD01,"docs/synova/research/权威文档01-本体层因果体系权威规范-20260714/SYNOVA-RESEARCH-第四章-边节点映射矩阵-v1-0-20260714.md",1,321,"321"
E,E-21,AD01,"docs/synova/research/权威文档01-本体层因果体系权威规范-20260714/SYNOVA-RESEARCH-第四章-边节点映射矩阵-v1-0-20260714.md",1,335,"335"
E,E-28,AD01,"docs/synova/research/权威文档01-本体层因果体系权威规范-20260714/SYNOVA-RESEARCH-第四章-边节点映射矩阵-v1-0-20260714.md",2,345,"345,434"
E,E-22,AD01,"docs/synova/research/权威文档01-本体层因果体系权威规范-20260714/SYNOVA-RESEARCH-第四章-边节点映射矩阵-v1-0-20260714.md",2,349,"349,669"
E,E-24,AD01,"docs/synova/research/权威文档01-本体层因果体系权威规范-20260714/SYNOVA-RESEARCH-第四章-边节点映射矩阵-v1-0-20260714.md",1,378,"378"
E,E-26,AD01,"docs/synova/research/权威文档01-本体层因果体系权威规范-20260714/SYNOVA-RESEARCH-第四章-边节点映射矩阵-v1-0-20260714.md",1,406,"406"
E,E-27,AD01,"docs/synova/research/权威文档01-本体层因果体系权威规范-20260714/SYNOVA-RESEARCH-第四章-边节点映射矩阵-v1-0-20260714.md",1,420,"420"
E,E-30,AD01,"docs/synova/research/权威文档01-本体层因果体系权威规范-20260714/SYNOVA-RESEARCH-第四章-边节点映射矩阵-v1-0-20260714.md",3,464,"464,466,672"
E,E-36,AD01,"docs/synova/research/权威文档01-本体层因果体系权威规范-20260714/SYNOVA-RESEARCH-第四章-边节点映射矩阵-v1-0-20260714.md",2,464,"464,550"
E,E-31,AD01,"docs/synova/research/权威文档01-本体层因果体系权威规范-20260714/SYNOVA-RESEARCH-第四章-边节点映射矩阵-v1-0-20260714.md",2,480,"480,518"
E,E-32,AD01,"docs/synova/research/权威文档01-本体层因果体系权威规范-20260714/SYNOVA-RESEARCH-第四章-边节点映射矩阵-v1-0-20260714.md",1,494,"494"
E,E-35,AD01,"docs/synova/research/权威文档01-本体层因果体系权威规范-20260714/SYNOVA-RESEARCH-第四章-边节点映射矩阵-v1-0-20260714.md",1,536,"536"
E,E-42,AD01,"docs/synova/research/权威文档01-本体层因果体系权威规范-20260714/SYNOVA-RESEARCH-第四章-边节点映射矩阵-v1-0-20260714.md",3,566,"566,639,676"
E,E-39,AD01,"docs/synova/research/权威文档01-本体层因果体系权威规范-20260714/SYNOVA-RESEARCH-第四章-边节点映射矩阵-v1-0-20260714.md",1,595,"595"
E,E-40,AD01,"docs/synova/research/权威文档01-本体层因果体系权威规范-20260714/SYNOVA-RESEARCH-第四章-边节点映射矩阵-v1-0-20260714.md",2,609,"609,675"
E,E-41,AD01,"docs/synova/research/权威文档01-本体层因果体系权威规范-20260714/SYNOVA-RESEARCH-第四章-边节点映射矩阵-v1-0-20260714.md",1,624,"624"
E,E-01,AD02,"docs/synova/research/权威文档02-方向有效性监测引擎-20260722/SYNOVA-RESEARCH-研究方案-v3-0-20260722.md",1,92,"92"
E,E-02,AD02,"docs/synova/research/权威文档02-方向有效性监测引擎-20260722/SYNOVA-RESEARCH-第一章-方向有效性监测引擎-v1-0-20260722.md",2,148,"148,154"
E,E-01,AD02,"docs/synova/research/权威文档02-方向有效性监测引擎-20260722/SYNOVA-RESEARCH-第一章-方向有效性监测引擎-v1-0-20260722.md",1,153,"153"
E,E-13,AD02,"docs/synova/research/权威文档02-方向有效性监测引擎-20260722/SYNOVA-RESEARCH-第一章-方向有效性监测引擎-v1-0-20260722.md",1,198,"198"
E,E-15,AD02,"docs/synova/research/权威文档02-方向有效性监测引擎-20260722/SYNOVA-RESEARCH-第一章-方向有效性监测引擎-v1-0-20260722.md",1,199,"199"
E,E-05,AD02,"docs/synova/research/权威文档02-方向有效性监测引擎-20260722/SYNOVA-RESEARCH-第一章-方向有效性监测引擎-v1-0-20260722.md",1,224,"224"
E,E-06,AD02,"docs/synova/research/权威文档02-方向有效性监测引擎-20260722/SYNOVA-RESEARCH-第一章-方向有效性监测引擎-v1-0-20260722.md",1,225,"225"
E,E-09,AD02,"docs/synova/research/权威文档02-方向有效性监测引擎-20260722/SYNOVA-RESEARCH-第一章-方向有效性监测引擎-v1-0-20260722.md",1,226,"226"
E,E-14,AD02,"docs/synova/research/权威文档02-方向有效性监测引擎-20260722/SYNOVA-RESEARCH-第一章-方向有效性监测引擎-v1-0-20260722.md",1,227,"227"
E,E-24,AD02,"docs/synova/research/权威文档02-方向有效性监测引擎-20260722/SYNOVA-RESEARCH-第一章-方向有效性监测引擎-v1-0-20260722.md",1,228,"228"
E,E-30,AD02,"docs/synova/research/权威文档02-方向有效性监测引擎-20260722/SYNOVA-RESEARCH-第一章-方向有效性监测引擎-v1-0-20260722.md",1,229,"229"
E,E-31,AD02,"docs/synova/research/权威文档02-方向有效性监测引擎-20260722/SYNOVA-RESEARCH-第一章-方向有效性监测引擎-v1-0-20260722.md",1,230,"230"
E,E-33,AD02,"docs/synova/research/权威文档02-方向有效性监测引擎-20260722/SYNOVA-RESEARCH-第一章-方向有效性监测引擎-v1-0-20260722.md",3,231,"231,297,310"
E,E-37,AD02,"docs/synova/research/权威文档02-方向有效性监测引擎-20260722/SYNOVA-RESEARCH-第一章-方向有效性监测引擎-v1-0-20260722.md",1,232,"232"
E,E-38,AD02,"docs/synova/research/权威文档02-方向有效性监测引擎-20260722/SYNOVA-RESEARCH-第一章-方向有效性监测引擎-v1-0-20260722.md",1,233,"233"
E,E-36,AD02,"docs/synova/research/权威文档02-方向有效性监测引擎-20260722/SYNOVA-RESEARCH-第一章-方向有效性监测引擎-v1-0-20260722.md",2,297,"297,311"
E,E-21,AD02,"docs/synova/research/权威文档02-方向有效性监测引擎-20260722/SYNOVA-RESEARCH-第一章-方向有效性监测引擎-v1-0-20260722.md",1,361,"361"
E,E-17,AD02,"docs/synova/research/权威文档02-方向有效性监测引擎-20260722/SYNOVA-RESEARCH-第一章-方向有效性监测引擎-v1-0-20260722.md",1,362,"362"
CC,CC-DATA-01,AD02,"docs/synova/research/权威文档02-方向有效性监测引擎-20260722/SYNOVA-RESEARCH-第一章-方向有效性监测引擎-v1-0-20260722.md",1,226,"226"
CC,CC-ORG-01,AD02,"docs/synova/research/权威文档02-方向有效性监测引擎-20260722/SYNOVA-RESEARCH-第一章-方向有效性监测引擎-v1-0-20260722.md",1,227,"227"
CC,CC-MARKET-01,AD02,"docs/synova/research/权威文档02-方向有效性监测引擎-20260722/SYNOVA-RESEARCH-第一章-方向有效性监测引擎-v1-0-20260722.md",2,229,"229,230"
CC,CC-MARKET-02,AD02,"docs/synova/research/权威文档02-方向有效性监测引擎-20260722/SYNOVA-RESEARCH-第一章-方向有效性监测引擎-v1-0-20260722.md",1,231,"231"
CC,CC-ORG-02,AD02,"docs/synova/research/权威文档02-方向有效性监测引擎-20260722/SYNOVA-RESEARCH-第一章-方向有效性监测引擎-v1-0-20260722.md",1,233,"233"
sentinelKebab,sentinel-breakeven,AD02,"docs/synova/research/权威文档02-方向有效性监测引擎-20260722/SYNOVA-RESEARCH-第一章-方向有效性监测引擎-v1-0-20260722.md",2,27,"27,344"
sentinelKebab,sentinel-operating-leverage,AD02,"docs/synova/research/权威文档02-方向有效性监测引擎-20260722/SYNOVA-RESEARCH-第一章-方向有效性监测引擎-v1-0-20260722.md",2,27,"27,346"
sentinelKebab,sentinel-margin-trend,AD02,"docs/synova/research/权威文档02-方向有效性监测引擎-20260722/SYNOVA-RESEARCH-第一章-方向有效性监测引擎-v1-0-20260722.md",1,27,"27"
sentinelKebab,sentinel-price-elasticity,AD02,"docs/synova/research/权威文档02-方向有效性监测引擎-20260722/SYNOVA-RESEARCH-第一章-方向有效性监测引擎-v1-0-20260722.md",1,27,"27"
sentinelKebab,sentinel-operating-,AD02,"docs/synova/research/权威文档02-方向有效性监测引擎-20260722/SYNOVA-RESEARCH-第一章-方向有效性监测引擎-v1-0-20260722.md",1,344,"344"
sentinelKebab,sentinel-org-trust,AD02,"docs/synova/research/权威文档02-方向有效性监测引擎-20260722/SYNOVA-RESEARCH-第一章-方向有效性监测引擎-v1-0-20260722.md",1,361,"361"
sentinelKebab,sentinel-agency-cost,AD02,"docs/synova/research/权威文档02-方向有效性监测引擎-20260722/SYNOVA-RESEARCH-第一章-方向有效性监测引擎-v1-0-20260722.md",1,362,"362"
sentinelKebab,sentinel-goal-delay,AD02,"docs/synova/research/权威文档02-方向有效性监测引擎-20260722/SYNOVA-RESEARCH-第一章-方向有效性监测引擎-v1-0-20260722.md",1,363,"363"
E,E-03,AD02,"docs/synova/research/权威文档02-方向有效性监测引擎-20260722/SYNOVA-RESEARCH-第三章-NCI子模块-v1-0-20260722.md",9,97,"97,377,415,426,428,454"
E,E-23,AD02,"docs/synova/research/权威文档02-方向有效性监测引擎-20260722/SYNOVA-RESEARCH-第三章-NCI子模块-v1-0-20260722.md",1,126,"126"
E,E-34,AD02,"docs/synova/research/权威文档02-方向有效性监测引擎-20260722/SYNOVA-RESEARCH-第三章-NCI子模块-v1-0-20260722.md",1,126,"126"
E,E-38,AD02,"docs/synova/research/权威文档02-方向有效性监测引擎-20260722/SYNOVA-RESEARCH-第三章-NCI子模块-v1-0-20260722.md",2,127,"127,569"
E,E-01,AD02,"docs/synova/research/权威文档02-方向有效性监测引擎-20260722/SYNOVA-RESEARCH-第三章-NCI子模块-v1-0-20260722.md",7,374,"374,377,413,426,428,454"
E,E-02,AD02,"docs/synova/research/权威文档02-方向有效性监测引擎-20260722/SYNOVA-RESEARCH-第三章-NCI子模块-v1-0-20260722.md",5,377,"377,414,426,428,454"
E,E-04,AD02,"docs/synova/research/权威文档02-方向有效性监测引擎-20260722/SYNOVA-RESEARCH-第三章-NCI子模块-v1-0-20260722.md",5,377,"377,416,426,428,454"
E,E-28,AD02,"docs/synova/research/权威文档02-方向有效性监测引擎-20260722/SYNOVA-RESEARCH-第三章-NCI子模块-v1-0-20260722.md",1,568,"568"
E,E-05,AD02,"docs/synova/research/权威文档02-方向有效性监测引擎-20260722/SYNOVA-RESEARCH-第三章-NCI子模块-v1-0-20260722.md",1,631,"631"
E,E-37,AD02,"docs/synova/research/权威文档02-方向有效性监测引擎-20260722/SYNOVA-RESEARCH-第三章-NCI子模块-v1-0-20260722.md",1,720,"720"
computeCamel,computeNCI,AD02,"docs/synova/research/权威文档02-方向有效性监测引擎-20260722/SYNOVA-RESEARCH-第三章-NCI子模块-v1-0-20260722.md",3,132,"132,830,834"
computeCamel,computeSTMIndex,AD02,"docs/synova/research/权威文档02-方向有效性监测引擎-20260722/SYNOVA-RESEARCH-第三章-NCI子模块-v1-0-20260722.md",2,205,"205,831"
computeCamel,computeUrgencyFactor,AD02,"docs/synova/research/权威文档02-方向有效性监测引擎-20260722/SYNOVA-RESEARCH-第三章-NCI子模块-v1-0-20260722.md",1,270,"270"
computeCamel,computeNCIVacuum,AD02,"docs/synova/research/权威文档02-方向有效性监测引擎-20260722/SYNOVA-RESEARCH-第三章-NCI子模块-v1-0-20260722.md",2,307,"307,832"
computeCamel,computeODC,AD02,"docs/synova/research/权威文档02-方向有效性监测引擎-20260722/SYNOVA-RESEARCH-第三章-NCI子模块-v1-0-20260722.md",2,534,"534,835"
computeCamel,computeExecutionMomentum,AD02,"docs/synova/research/权威文档02-方向有效性监测引擎-20260722/SYNOVA-RESEARCH-第三章-NCI子模块-v1-0-20260722.md",1,536,"536"
computeCamel,computeStructuralRedundancy,AD02,"docs/synova/research/权威文档02-方向有效性监测引擎-20260722/SYNOVA-RESEARCH-第三章-NCI子模块-v1-0-20260722.md",1,539,"539"
computeCamel,computeTalentDensity,AD02,"docs/synova/research/权威文档02-方向有效性监测引擎-20260722/SYNOVA-RESEARCH-第三章-NCI子模块-v1-0-20260722.md",1,542,"542"
computeCamel,computeDataReadiness,AD02,"docs/synova/research/权威文档02-方向有效性监测引擎-20260722/SYNOVA-RESEARCH-第三章-NCI子模块-v1-0-20260722.md",1,545,"545"
E,E-03,AD02,"docs/synova/research/权威文档02-方向有效性监测引擎-20260722/SYNOVA-RESEARCH-第二章-四个感知断裂点检测-v1-0-20260722.md",6,191,"191,207,208,237,263,724"
computeCamel,computeMetricChange,AD02,"docs/synova/research/权威文档02-方向有效性监测引擎-20260722/SYNOVA-RESEARCH-第二章-四个感知断裂点检测-v1-0-20260722.md",1,353,"353"
E,E-23,AD02,"docs/synova/research/权威文档02-方向有效性监测引擎-20260722/SYNOVA-RESEARCH-第五章-与现有体系对齐-v1-0-20260722.md",5,16,"16,20,334"
E,E-03,AD02,"docs/synova/research/权威文档02-方向有效性监测引擎-20260722/SYNOVA-RESEARCH-第五章-与现有体系对齐-v1-0-20260722.md",5,17,"17,18"
E,E-01,AD02,"docs/synova/research/权威文档02-方向有效性监测引擎-20260722/SYNOVA-RESEARCH-第五章-与现有体系对齐-v1-0-20260722.md",3,18,"18"
E,E-04,AD02,"docs/synova/research/权威文档02-方向有效性监测引擎-20260722/SYNOVA-RESEARCH-第五章-与现有体系对齐-v1-0-20260722.md",2,18,"18"
E,E-02,AD02,"docs/synova/research/权威文档02-方向有效性监测引擎-20260722/SYNOVA-RESEARCH-第五章-与现有体系对齐-v1-0-20260722.md",1,18,"18"
E,E-05,AD02,"docs/synova/research/权威文档02-方向有效性监测引擎-20260722/SYNOVA-RESEARCH-第五章-与现有体系对齐-v1-0-20260722.md",4,19,"19,334"
E,E-28,AD02,"docs/synova/research/权威文档02-方向有效性监测引擎-20260722/SYNOVA-RESEARCH-第五章-与现有体系对齐-v1-0-20260722.md",3,21,"21"
E,E-34,AD02,"docs/synova/research/权威文档02-方向有效性监测引擎-20260722/SYNOVA-RESEARCH-第五章-与现有体系对齐-v1-0-20260722.md",4,22,"22"
E,E-37,AD02,"docs/synova/research/权威文档02-方向有效性监测引擎-20260722/SYNOVA-RESEARCH-第五章-与现有体系对齐-v1-0-20260722.md",4,23,"23,334"
E,E-38,AD02,"docs/synova/research/权威文档02-方向有效性监测引擎-20260722/SYNOVA-RESEARCH-第五章-与现有体系对齐-v1-0-20260722.md",4,24,"24,334"
E,E-09,AD02,"docs/synova/research/权威文档02-方向有效性监测引擎-20260722/SYNOVA-RESEARCH-第五章-与现有体系对齐-v1-0-20260722.md",1,334,"334"
E,E-13,AD02,"docs/synova/research/权威文档02-方向有效性监测引擎-20260722/SYNOVA-RESEARCH-第五章-与现有体系对齐-v1-0-20260722.md",1,334,"334"
E,E-30,AD02,"docs/synova/research/权威文档02-方向有效性监测引擎-20260722/SYNOVA-RESEARCH-第五章-与现有体系对齐-v1-0-20260722.md",1,334,"334"
computeCamel,computeBaseline,AD02,"docs/synova/research/权威文档02-方向有效性监测引擎-20260722/SYNOVA-RESEARCH-第五章-与现有体系对齐-v1-0-20260722.md",1,404,"404"
computeCamel,computeNCI,AD02,"docs/synova/research/权威文档02-方向有效性监测引擎-20260722/SYNOVA-RESEARCH-第五章-与现有体系对齐-v1-0-20260722.md",1,448,"448"
computeCamel,computeNCIVacuum,AD02,"docs/synova/research/权威文档02-方向有效性监测引擎-20260722/SYNOVA-RESEARCH-第五章-与现有体系对齐-v1-0-20260722.md",1,448,"448"
computeCamel,computeSTMIndex,AD02,"docs/synova/research/权威文档02-方向有效性监测引擎-20260722/SYNOVA-RESEARCH-第五章-与现有体系对齐-v1-0-20260722.md",1,456,"456"
computeCamel,computeUrgencyFactor,AD02,"docs/synova/research/权威文档02-方向有效性监测引擎-20260722/SYNOVA-RESEARCH-第五章-与现有体系对齐-v1-0-20260722.md",1,456,"456"
computeCamel,computeODC,AD02,"docs/synova/research/权威文档02-方向有效性监测引擎-20260722/SYNOVA-RESEARCH-第五章-与现有体系对齐-v1-0-20260722.md",1,471,"471"
E,E-23,AD02,"docs/synova/research/权威文档02-方向有效性监测引擎-20260722/SYNOVA-RESEARCH-第四章-02与03的诊断流程接口-v1-0-20260722.md",2,93,"93,147"
E,E-30,AD02,"docs/synova/research/权威文档02-方向有效性监测引擎-20260722/SYNOVA-RESEARCH-第四章-02与03的诊断流程接口-v1-0-20260722.md",2,93,"93,147"
E,E-37,AD02,"docs/synova/research/权威文档02-方向有效性监测引擎-20260722/SYNOVA-RESEARCH-第四章-02与03的诊断流程接口-v1-0-20260722.md",2,93,"93,147"
E,E-13,AD02,"docs/synova/research/权威文档02-方向有效性监测引擎-20260722/SYNOVA-RESEARCH-第四章-02与03的诊断流程接口-v1-0-20260722.md",1,147,"147"
E,E-13,AD03,"docs/synova/research/权威文档03-哨兵-计算-本体-权威规范-20260710/SYNOVA-RESEARCH-第一章-哨兵规范-20260710.html",12,16,"16,19,61,63,78,81"
E,E-23,AD03,"docs/synova/research/权威文档03-哨兵-计算-本体-权威规范-20260710/SYNOVA-RESEARCH-第一章-哨兵规范-20260710.html",13,16,"16,19,61,63,78,81"
E,E-37,AD03,"docs/synova/research/权威文档03-哨兵-计算-本体-权威规范-20260710/SYNOVA-RESEARCH-第一章-哨兵规范-20260710.html",3,16,"16,122,212"
E,E-33,AD03,"docs/synova/research/权威文档03-哨兵-计算-本体-权威规范-20260710/SYNOVA-RESEARCH-第一章-哨兵规范-20260710.html",8,32,"32,35,108,149,151,236"
E,E-36,AD03,"docs/synova/research/权威文档03-哨兵-计算-本体-权威规范-20260710/SYNOVA-RESEARCH-第一章-哨兵规范-20260710.html",7,32,"32,35,48,149,203,212"
E,E-31,AD03,"docs/synova/research/权威文档03-哨兵-计算-本体-权威规范-20260710/SYNOVA-RESEARCH-第一章-哨兵规范-20260710.html",6,32,"32,48,50,191,260,311"
E,E-25,AD03,"docs/synova/research/权威文档03-哨兵-计算-本体-权威规范-20260710/SYNOVA-RESEARCH-第一章-哨兵规范-20260710.html",2,48,"48,50"
E,E-30,AD03,"docs/synova/research/权威文档03-哨兵-计算-本体-权威规范-20260710/SYNOVA-RESEARCH-第一章-哨兵规范-20260710.html",7,61,"61,108,135,138,287,308"
E,E-19,AD03,"docs/synova/research/权威文档03-哨兵-计算-本体-权威规范-20260710/SYNOVA-RESEARCH-第一章-哨兵规范-20260710.html",5,163,"163,165,230,275,305"
E,E-16,AD03,"docs/synova/research/权威文档03-哨兵-计算-本体-权威规范-20260710/SYNOVA-RESEARCH-第一章-哨兵规范-20260710.html",3,177,"177,180,245"
E,E-17,AD03,"docs/synova/research/权威文档03-哨兵-计算-本体-权威规范-20260710/SYNOVA-RESEARCH-第一章-哨兵规范-20260710.html",3,177,"177,180,242"
E,E-02,AD03,"docs/synova/research/权威文档03-哨兵-计算-本体-权威规范-20260710/SYNOVA-RESEARCH-第一章-哨兵规范-20260710.html",2,191,"191,221"
E,E-18,AD03,"docs/synova/research/权威文档03-哨兵-计算-本体-权威规范-20260710/SYNOVA-RESEARCH-第一章-哨兵规范-20260710.html",1,191,"191"
E,E-01,AD03,"docs/synova/research/权威文档03-哨兵-计算-本体-权威规范-20260710/SYNOVA-RESEARCH-第一章-哨兵规范-20260710.html",4,203,"203,221,269,272"
E,E-32,AD03,"docs/synova/research/权威文档03-哨兵-计算-本体-权威规范-20260710/SYNOVA-RESEARCH-第一章-哨兵规范-20260710.html",2,218,"218,287"
E,E-09,AD03,"docs/synova/research/权威文档03-哨兵-计算-本体-权威规范-20260710/SYNOVA-RESEARCH-第一章-哨兵规范-20260710.html",2,224,"224,323"
E,E-03,AD03,"docs/synova/research/权威文档03-哨兵-计算-本体-权威规范-20260710/SYNOVA-RESEARCH-第一章-哨兵规范-20260710.html",2,227,"227,272"
E,E-24,AD03,"docs/synova/research/权威文档03-哨兵-计算-本体-权威规范-20260710/SYNOVA-RESEARCH-第一章-哨兵规范-20260710.html",2,230,"230,320"
E,E-05,AD03,"docs/synova/research/权威文档03-哨兵-计算-本体-权威规范-20260710/SYNOVA-RESEARCH-第一章-哨兵规范-20260710.html",1,233,"233"
E,E-06,AD03,"docs/synova/research/权威文档03-哨兵-计算-本体-权威规范-20260710/SYNOVA-RESEARCH-第一章-哨兵规范-20260710.html",1,233,"233"
E,E-29,AD03,"docs/synova/research/权威文档03-哨兵-计算-本体-权威规范-20260710/SYNOVA-RESEARCH-第一章-哨兵规范-20260710.html",6,239,"239,281,296,314,317,320"
E,E-15,AD03,"docs/synova/research/权威文档03-哨兵-计算-本体-权威规范-20260710/SYNOVA-RESEARCH-第一章-哨兵规范-20260710.html",5,239,"239,251,284,299,302"
E,E-28,AD03,"docs/synova/research/权威文档03-哨兵-计算-本体-权威规范-20260710/SYNOVA-RESEARCH-第一章-哨兵规范-20260710.html",1,248,"248"
E,E-38,AD03,"docs/synova/research/权威文档03-哨兵-计算-本体-权威规范-20260710/SYNOVA-RESEARCH-第一章-哨兵规范-20260710.html",2,251,"251,302"
E,E-20,AD03,"docs/synova/research/权威文档03-哨兵-计算-本体-权威规范-20260710/SYNOVA-RESEARCH-第一章-哨兵规范-20260710.html",2,254,"254,290"
E,E-34,AD03,"docs/synova/research/权威文档03-哨兵-计算-本体-权威规范-20260710/SYNOVA-RESEARCH-第一章-哨兵规范-20260710.html",1,257,"257"
E,E-14,AD03,"docs/synova/research/权威文档03-哨兵-计算-本体-权威规范-20260710/SYNOVA-RESEARCH-第一章-哨兵规范-20260710.html",2,263,"263,278"
E,E-04,AD03,"docs/synova/research/权威文档03-哨兵-计算-本体-权威规范-20260710/SYNOVA-RESEARCH-第一章-哨兵规范-20260710.html",2,266,"266,317"
E,E-22,AD03,"docs/synova/research/权威文档03-哨兵-计算-本体-权威规范-20260710/SYNOVA-RESEARCH-第一章-哨兵规范-20260710.html",2,275,"275,293"
ND,ND-001,AD03,"docs/synova/research/权威文档03-哨兵-计算-本体-权威规范-20260710/SYNOVA-RESEARCH-第一章-哨兵规范-20260710.html",4,13,"13,58,75,91"
ND,ND-006,AD03,"docs/synova/research/权威文档03-哨兵-计算-本体-权威规范-20260710/SYNOVA-RESEARCH-第一章-哨兵规范-20260710.html",4,13,"13,58,75,91"
ND,ND-033,AD03,"docs/synova/research/权威文档03-哨兵-计算-本体-权威规范-20260710/SYNOVA-RESEARCH-第一章-哨兵规范-20260710.html",3,13,"13,58,75"
ND,ND-042,AD03,"docs/synova/research/权威文档03-哨兵-计算-本体-权威规范-20260710/SYNOVA-RESEARCH-第一章-哨兵规范-20260710.html",1,13,"13"
ND,ND-019,AD03,"docs/synova/research/权威文档03-哨兵-计算-本体-权威规范-20260710/SYNOVA-RESEARCH-第一章-哨兵规范-20260710.html",3,29,"29,105,146"
ND,ND-048,AD03,"docs/synova/research/权威文档03-哨兵-计算-本体-权威规范-20260710/SYNOVA-RESEARCH-第一章-哨兵规范-20260710.html",2,29,"29,146"
ND,ND-061,AD03,"docs/synova/research/权威文档03-哨兵-计算-本体-权威规范-20260710/SYNOVA-RESEARCH-第一章-哨兵规范-20260710.html",1,29,"29"
ND,ND-073,AD03,"docs/synova/research/权威文档03-哨兵-计算-本体-权威规范-20260710/SYNOVA-RESEARCH-第一章-哨兵规范-20260710.html",1,29,"29"
ND,ND-008,AD03,"docs/synova/research/权威文档03-哨兵-计算-本体-权威规范-20260710/SYNOVA-RESEARCH-第一章-哨兵规范-20260710.html",1,45,"45"
ND,ND-017,AD03,"docs/synova/research/权威文档03-哨兵-计算-本体-权威规范-20260710/SYNOVA-RESEARCH-第一章-哨兵规范-20260710.html",1,45,"45"
ND,ND-058,AD03,"docs/synova/research/权威文档03-哨兵-计算-本体-权威规范-20260710/SYNOVA-RESEARCH-第一章-哨兵规范-20260710.html",1,45,"45"
ND,ND-013,AD03,"docs/synova/research/权威文档03-哨兵-计算-本体-权威规范-20260710/SYNOVA-RESEARCH-第一章-哨兵规范-20260710.html",2,58,"58,132"
ND,ND-029,AD03,"docs/synova/research/权威文档03-哨兵-计算-本体-权威规范-20260710/SYNOVA-RESEARCH-第一章-哨兵规范-20260710.html",1,105,"105"
ND,ND-067,AD03,"docs/synova/research/权威文档03-哨兵-计算-本体-权威规范-20260710/SYNOVA-RESEARCH-第一章-哨兵规范-20260710.html",1,105,"105"
ND,ND-018,AD03,"docs/synova/research/权威文档03-哨兵-计算-本体-权威规范-20260710/SYNOVA-RESEARCH-第一章-哨兵规范-20260710.html",1,119,"119"
ND,ND-031,AD03,"docs/synova/research/权威文档03-哨兵-计算-本体-权威规范-20260710/SYNOVA-RESEARCH-第一章-哨兵规范-20260710.html",2,119,"119,160"
ND,ND-015,AD03,"docs/synova/research/权威文档03-哨兵-计算-本体-权威规范-20260710/SYNOVA-RESEARCH-第一章-哨兵规范-20260710.html",1,132,"132"
ND,ND-040,AD03,"docs/synova/research/权威文档03-哨兵-计算-本体-权威规范-20260710/SYNOVA-RESEARCH-第一章-哨兵规范-20260710.html",1,160,"160"
ND,ND-079,AD03,"docs/synova/research/权威文档03-哨兵-计算-本体-权威规范-20260710/SYNOVA-RESEARCH-第一章-哨兵规范-20260710.html",1,174,"174"
ND,ND-081,AD03,"docs/synova/research/权威文档03-哨兵-计算-本体-权威规范-20260710/SYNOVA-RESEARCH-第一章-哨兵规范-20260710.html",1,174,"174"
sentinelKebab,sentinel-breakeven,AD03,"docs/synova/research/权威文档03-哨兵-计算-本体-权威规范-20260710/SYNOVA-RESEARCH-第一章-哨兵规范-20260710.html",1,72,"72"
sentinelKebab,sentinel-operating-leverage,AD03,"docs/synova/research/权威文档03-哨兵-计算-本体-权威规范-20260710/SYNOVA-RESEARCH-第一章-哨兵规范-20260710.html",1,88,"88"
sentinelKebab,sentinel-price-elasticity,AD03,"docs/synova/research/权威文档03-哨兵-计算-本体-权威规范-20260710/SYNOVA-RESEARCH-第一章-哨兵规范-20260710.html",1,102,"102"
sentinelKebab,sentinel-npv-negative,AD03,"docs/synova/research/权威文档03-哨兵-计算-本体-权威规范-20260710/SYNOVA-RESEARCH-第一章-哨兵规范-20260710.html",1,116,"116"
sentinelKebab,sentinel-margin-trend,AD03,"docs/synova/research/权威文档03-哨兵-计算-本体-权威规范-20260710/SYNOVA-RESEARCH-第一章-哨兵规范-20260710.html",1,129,"129"
sentinelKebab,sentinel-hhi-concentration,AD03,"docs/synova/research/权威文档03-哨兵-计算-本体-权威规范-20260710/SYNOVA-RESEARCH-第一章-哨兵规范-20260710.html",1,143,"143"
sentinelKebab,sentinel-learning-curve,AD03,"docs/synova/research/权威文档03-哨兵-计算-本体-权威规范-20260710/SYNOVA-RESEARCH-第一章-哨兵规范-20260710.html",1,157,"157"
sentinelKebab,sentinel-agency-cost,AD03,"docs/synova/research/权威文档03-哨兵-计算-本体-权威规范-20260710/SYNOVA-RESEARCH-第一章-哨兵规范-20260710.html",1,171,"171"
sentinelKebab,sentinel-survival-margin,AD03,"docs/synova/research/权威文档03-哨兵-计算-本体-权威规范-20260710/SYNOVA-RESEARCH-第一章-哨兵规范-20260710.html",1,185,"185"
sentinelKebab,sentinel-csf-profile,AD03,"docs/synova/research/权威文档03-哨兵-计算-本体-权威规范-20260710/SYNOVA-RESEARCH-第一章-哨兵规范-20260710.html",1,197,"197"
computeCamel,computeCapitalEfficiency,AD03,"docs/synova/research/权威文档03-哨兵-计算-本体-权威规范-20260710/SYNOVA-RESEARCH-第一章-哨兵规范-20260710.html",1,18,"18"
computeCamel,computeCapitalTurnover,AD03,"docs/synova/research/权威文档03-哨兵-计算-本体-权威规范-20260710/SYNOVA-RESEARCH-第一章-哨兵规范-20260710.html",1,18,"18"
computeCamel,computeDebtEquityRatio,AD03,"docs/synova/research/权威文档03-哨兵-计算-本体-权威规范-20260710/SYNOVA-RESEARCH-第一章-哨兵规范-20260710.html",1,18,"18"
computeCamel,computeHHI,AD03,"docs/synova/research/权威文档03-哨兵-计算-本体-权威规范-20260710/SYNOVA-RESEARCH-第一章-哨兵规范-20260710.html",3,34,"34,150,151"
computeCamel,computeCompetitivePosition,AD03,"docs/synova/research/权威文档03-哨兵-计算-本体-权威规范-20260710/SYNOVA-RESEARCH-第一章-哨兵规范-20260710.html",1,34,"34"
computeCamel,computeMarketGrowthRate,AD03,"docs/synova/research/权威文档03-哨兵-计算-本体-权威规范-20260710/SYNOVA-RESEARCH-第一章-哨兵规范-20260710.html",1,34,"34"
computeCamel,computeSwitchingCost,AD03,"docs/synova/research/权威文档03-哨兵-计算-本体-权威规范-20260710/SYNOVA-RESEARCH-第一章-哨兵规范-20260710.html",1,49,"49"
computeCamel,computeBrandStrength,AD03,"docs/synova/research/权威文档03-哨兵-计算-本体-权威规范-20260710/SYNOVA-RESEARCH-第一章-哨兵规范-20260710.html",1,49,"49"
computeCamel,computeNetworkEffectDensity,AD03,"docs/synova/research/权威文档03-哨兵-计算-本体-权威规范-20260710/SYNOVA-RESEARCH-第一章-哨兵规范-20260710.html",1,49,"49"
computeCamel,computeDOL,AD03,"docs/synova/research/权威文档03-哨兵-计算-本体-权威规范-20260710/SYNOVA-RESEARCH-第一章-哨兵规范-20260710.html",2,62,"62,96"
computeCamel,computeBreakEven,AD03,"docs/synova/research/权威文档03-哨兵-计算-本体-权威规范-20260710/SYNOVA-RESEARCH-第一章-哨兵规范-20260710.html",2,62,"62,80"
computeCamel,computeMarginalContribution,AD03,"docs/synova/research/权威文档03-哨兵-计算-本体-权威规范-20260710/SYNOVA-RESEARCH-第一章-哨兵规范-20260710.html",2,62,"62,137"
computeCamel,computeFixedCostRigidity,AD03,"docs/synova/research/权威文档03-哨兵-计算-本体-权威规范-20260710/SYNOVA-RESEARCH-第一章-哨兵规范-20260710.html",1,62,"62"
computeCamel,computePriceElasticity,AD03,"docs/synova/research/权威文档03-哨兵-计算-本体-权威规范-20260710/SYNOVA-RESEARCH-第一章-哨兵规范-20260710.html",1,110,"110"
computeCamel,computeNPV,AD03,"docs/synova/research/权威文档03-哨兵-计算-本体-权威规范-20260710/SYNOVA-RESEARCH-第一章-哨兵规范-20260710.html",1,123,"123"
computeCamel,computeMarginalCost,AD03,"docs/synova/research/权威文档03-哨兵-计算-本体-权威规范-20260710/SYNOVA-RESEARCH-第一章-哨兵规范-20260710.html",1,137,"137"
computeCamel,computeLearningCurve,AD03,"docs/synova/research/权威文档03-哨兵-计算-本体-权威规范-20260710/SYNOVA-RESEARCH-第一章-哨兵规范-20260710.html",1,164,"164"
computeCamel,computeAgencyCost,AD03,"docs/synova/research/权威文档03-哨兵-计算-本体-权威规范-20260710/SYNOVA-RESEARCH-第一章-哨兵规范-20260710.html",1,179,"179"
computeCamel,computeSurvivalMargin,AD03,"docs/synova/research/权威文档03-哨兵-计算-本体-权威规范-20260710/SYNOVA-RESEARCH-第一章-哨兵规范-20260710.html",1,192,"192"
computeCamel,computeCSFProfile,AD03,"docs/synova/research/权威文档03-哨兵-计算-本体-权威规范-20260710/SYNOVA-RESEARCH-第一章-哨兵规范-20260710.html",1,204,"204"
computeCamel,computeBModelCoherence,AD03,"docs/synova/research/权威文档03-哨兵-计算-本体-权威规范-20260710/SYNOVA-RESEARCH-第一章-哨兵规范-20260710.html",1,212,"212"
computeCamel,computeCashRunway,AD03,"docs/synova/research/权威文档03-哨兵-计算-本体-权威规范-20260710/SYNOVA-RESEARCH-第一章-哨兵规范-20260710.html",1,215,"215"
computeCamel,computeChannelCapacity,AD03,"docs/synova/research/权威文档03-哨兵-计算-本体-权威规范-20260710/SYNOVA-RESEARCH-第一章-哨兵规范-20260710.html",1,218,"218"
computeCamel,computeDemandShift,AD03,"docs/synova/research/权威文档03-哨兵-计算-本体-权威规范-20260710/SYNOVA-RESEARCH-第一章-哨兵规范-20260710.html",1,221,"221"
computeCamel,computeDataFreshness,AD03,"docs/synova/research/权威文档03-哨兵-计算-本体-权威规范-20260710/SYNOVA-RESEARCH-第一章-哨兵规范-20260710.html",1,224,"224"
computeCamel,computeEnvRentDependency,AD03,"docs/synova/research/权威文档03-哨兵-计算-本体-权威规范-20260710/SYNOVA-RESEARCH-第一章-哨兵规范-20260710.html",1,227,"227"
computeCamel,computeEEBalance,AD03,"docs/synova/research/权威文档03-哨兵-计算-本体-权威规范-20260710/SYNOVA-RESEARCH-第一章-哨兵规范-20260710.html",1,230,"230"
computeCamel,computeFinancingConstraint,AD03,"docs/synova/research/权威文档03-哨兵-计算-本体-权威规范-20260710/SYNOVA-RESEARCH-第一章-哨兵规范-20260710.html",1,233,"233"
computeCamel,computeGrowthQuality,AD03,"docs/synova/research/权威文档03-哨兵-计算-本体-权威规范-20260710/SYNOVA-RESEARCH-第一章-哨兵规范-20260710.html",1,236,"236"
computeCamel,computeIncentiveDistortion,AD03,"docs/synova/research/权威文档03-哨兵-计算-本体-权威规范-20260710/SYNOVA-RESEARCH-第一章-哨兵规范-20260710.html",1,242,"242"
computeCamel,computeInfoDistortion,AD03,"docs/synova/research/权威文档03-哨兵-计算-本体-权威规范-20260710/SYNOVA-RESEARCH-第一章-哨兵规范-20260710.html",1,245,"245"
computeCamel,computeInternalTxnCost,AD03,"docs/synova/research/权威文档03-哨兵-计算-本体-权威规范-20260710/SYNOVA-RESEARCH-第一章-哨兵规范-20260710.html",1,248,"248"
computeCamel,computeKeyPersonRisk,AD03,"docs/synova/research/权威文档03-哨兵-计算-本体-权威规范-20260710/SYNOVA-RESEARCH-第一章-哨兵规范-20260710.html",1,251,"251"
computeCamel,computeKnowledgeAccess,AD03,"docs/synova/research/权威文档03-哨兵-计算-本体-权威规范-20260710/SYNOVA-RESEARCH-第一章-哨兵规范-20260710.html",1,254,"254"
computeCamel,computeMakeOrBuy,AD03,"docs/synova/research/权威文档03-哨兵-计算-本体-权威规范-20260710/SYNOVA-RESEARCH-第一章-哨兵规范-20260710.html",1,257,"257"
computeCamel,computeMoatDependency,AD03,"docs/synova/research/权威文档03-哨兵-计算-本体-权威规范-20260710/SYNOVA-RESEARCH-第一章-哨兵规范-20260710.html",1,260,"260"
computeCamel,computeNetworkPower,AD03,"docs/synova/research/权威文档03-哨兵-计算-本体-权威规范-20260710/SYNOVA-RESEARCH-第一章-哨兵规范-20260710.html",1,263,"263"
computeCamel,computeConcentrationGini,AD03,"docs/synova/research/权威文档03-哨兵-计算-本体-权威规范-20260710/SYNOVA-RESEARCH-第一章-哨兵规范-20260710.html",1,278,"278"
computeCamel,computeResourceMisallocation,AD03,"docs/synova/research/权威文档03-哨兵-计算-本体-权威规范-20260710/SYNOVA-RESEARCH-第一章-哨兵规范-20260710.html",1,284,"284"
computeCamel,computeRevenueGrowth,AD03,"docs/synova/research/权威文档03-哨兵-计算-本体-权威规范-20260710/SYNOVA-RESEARCH-第一章-哨兵规范-20260710.html",1,287,"287"
computeCamel,computeUnitEconomics,AD03,"docs/synova/research/权威文档03-哨兵-计算-本体-权威规范-20260710/SYNOVA-RESEARCH-第一章-哨兵规范-20260710.html",1,308,"308"
computeCamel,computeValueCapture,AD03,"docs/synova/research/权威文档03-哨兵-计算-本体-权威规范-20260710/SYNOVA-RESEARCH-第一章-哨兵规范-20260710.html",1,311,"311"
E,E-13,AD03,"docs/synova/research/权威文档03-哨兵-计算-本体-权威规范-20260710/SYNOVA-RESEARCH-第三至七章-20260710.html",7,11,"11,12,14,15,17,20"
E,E-23,AD03,"docs/synova/research/权威文档03-哨兵-计算-本体-权威规范-20260710/SYNOVA-RESEARCH-第三至七章-20260710.html",6,11,"11,12,17,20,46,47"
E,E-30,AD03,"docs/synova/research/权威文档03-哨兵-计算-本体-权威规范-20260710/SYNOVA-RESEARCH-第三至七章-20260710.html",2,13,"13,20"
E,E-33,AD03,"docs/synova/research/权威文档03-哨兵-计算-本体-权威规范-20260710/SYNOVA-RESEARCH-第三至七章-20260710.html",2,13,"13,18"
E,E-37,AD03,"docs/synova/research/权威文档03-哨兵-计算-本体-权威规范-20260710/SYNOVA-RESEARCH-第三至七章-20260710.html",2,14,"14,17"
E,E-02,AD03,"docs/synova/research/权威文档03-哨兵-计算-本体-权威规范-20260710/SYNOVA-RESEARCH-第三至七章-20260710.html",1,15,"15"
E,E-31,AD03,"docs/synova/research/权威文档03-哨兵-计算-本体-权威规范-20260710/SYNOVA-RESEARCH-第三至七章-20260710.html",3,15,"15,18,19"
E,E-18,AD03,"docs/synova/research/权威文档03-哨兵-计算-本体-权威规范-20260710/SYNOVA-RESEARCH-第三至七章-20260710.html",1,15,"15"
E,E-36,AD03,"docs/synova/research/权威文档03-哨兵-计算-本体-权威规范-20260710/SYNOVA-RESEARCH-第三至七章-20260710.html",4,16,"16,18,19,38"
E,E-01,AD03,"docs/synova/research/权威文档03-哨兵-计算-本体-权威规范-20260710/SYNOVA-RESEARCH-第三至七章-20260710.html",1,16,"16"
E,E-25,AD03,"docs/synova/research/权威文档03-哨兵-计算-本体-权威规范-20260710/SYNOVA-RESEARCH-第三至七章-20260710.html",1,19,"19"
ND,ND-001,AD03,"docs/synova/research/权威文档03-哨兵-计算-本体-权威规范-20260710/SYNOVA-RESEARCH-第三至七章-20260710.html",4,11,"11,12,17,20"
ND,ND-019,AD03,"docs/synova/research/权威文档03-哨兵-计算-本体-权威规范-20260710/SYNOVA-RESEARCH-第三至七章-20260710.html",2,13,"13,18"
ND,ND-018,AD03,"docs/synova/research/权威文档03-哨兵-计算-本体-权威规范-20260710/SYNOVA-RESEARCH-第三至七章-20260710.html",1,14,"14"
ND,ND-008,AD03,"docs/synova/research/权威文档03-哨兵-计算-本体-权威规范-20260710/SYNOVA-RESEARCH-第三至七章-20260710.html",1,19,"19"
sentinelKebab,sentinel-breakeven,AD03,"docs/synova/research/权威文档03-哨兵-计算-本体-权威规范-20260710/SYNOVA-RESEARCH-第三至七章-20260710.html",1,11,"11"
sentinelKebab,sentinel-operating-leverage,AD03,"docs/synova/research/权威文档03-哨兵-计算-本体-权威规范-20260710/SYNOVA-RESEARCH-第三至七章-20260710.html",1,12,"12"
sentinelKebab,sentinel-price-elasticity,AD03,"docs/synova/research/权威文档03-哨兵-计算-本体-权威规范-20260710/SYNOVA-RESEARCH-第三至七章-20260710.html",1,13,"13"
sentinelKebab,sentinel-npv-negative,AD03,"docs/synova/research/权威文档03-哨兵-计算-本体-权威规范-20260710/SYNOVA-RESEARCH-第三至七章-20260710.html",1,14,"14"
sentinelKebab,sentinel-survival-margin,AD03,"docs/synova/research/权威文档03-哨兵-计算-本体-权威规范-20260710/SYNOVA-RESEARCH-第三至七章-20260710.html",1,15,"15"
sentinelKebab,sentinel-csf-profile,AD03,"docs/synova/research/权威文档03-哨兵-计算-本体-权威规范-20260710/SYNOVA-RESEARCH-第三至七章-20260710.html",1,16,"16"
computeCamel,computeBreakEven,AD03,"docs/synova/research/权威文档03-哨兵-计算-本体-权威规范-20260710/SYNOVA-RESEARCH-第三至七章-20260710.html",2,11,"11,36"
computeCamel,computeDOL,AD03,"docs/synova/research/权威文档03-哨兵-计算-本体-权威规范-20260710/SYNOVA-RESEARCH-第三至七章-20260710.html",2,12,"12,36"
computeCamel,computePriceElasticity,AD03,"docs/synova/research/权威文档03-哨兵-计算-本体-权威规范-20260710/SYNOVA-RESEARCH-第三至七章-20260710.html",1,13,"13"
computeCamel,computeNPV,AD03,"docs/synova/research/权威文档03-哨兵-计算-本体-权威规范-20260710/SYNOVA-RESEARCH-第三至七章-20260710.html",1,14,"14"
computeCamel,computeSurvivalMargin,AD03,"docs/synova/research/权威文档03-哨兵-计算-本体-权威规范-20260710/SYNOVA-RESEARCH-第三至七章-20260710.html",1,15,"15"
computeCamel,computeCSFProfile,AD03,"docs/synova/research/权威文档03-哨兵-计算-本体-权威规范-20260710/SYNOVA-RESEARCH-第三至七章-20260710.html",1,16,"16"
E,E-13,AD03,"docs/synova/research/权威文档03-哨兵-计算-本体-权威规范-20260710/SYNOVA-RESEARCH-第二章-compute规范-20260710.html",17,16,"16,17,31,32,62,63"
E,E-23,AD03,"docs/synova/research/权威文档03-哨兵-计算-本体-权威规范-20260710/SYNOVA-RESEARCH-第二章-compute规范-20260710.html",12,16,"16,17,31,32,75,76"
E,E-30,AD03,"docs/synova/research/权威文档03-哨兵-计算-本体-权威规范-20260710/SYNOVA-RESEARCH-第二章-compute规范-20260710.html",5,46,"46,47,182,183,184"
E,E-37,AD03,"docs/synova/research/权威文档03-哨兵-计算-本体-权威规范-20260710/SYNOVA-RESEARCH-第二章-compute规范-20260710.html",3,62,"62,63,185"
E,E-33,AD03,"docs/synova/research/权威文档03-哨兵-计算-本体-权威规范-20260710/SYNOVA-RESEARCH-第二章-compute规范-20260710.html",5,88,"88,89,155,157,171"
E,E-36,AD03,"docs/synova/research/权威文档03-哨兵-计算-本体-权威规范-20260710/SYNOVA-RESEARCH-第二章-compute规范-20260710.html",5,88,"88,140,156,160,185"
E,E-19,AD03,"docs/synova/research/权威文档03-哨兵-计算-本体-权威规范-20260710/SYNOVA-RESEARCH-第二章-compute规范-20260710.html",3,101,"101,102,169"
E,E-16,AD03,"docs/synova/research/权威文档03-哨兵-计算-本体-权威规范-20260710/SYNOVA-RESEARCH-第二章-compute规范-20260710.html",3,114,"114,115,173"
E,E-17,AD03,"docs/synova/research/权威文档03-哨兵-计算-本体-权威规范-20260710/SYNOVA-RESEARCH-第二章-compute规范-20260710.html",3,114,"114,115,172"
E,E-02,AD03,"docs/synova/research/权威文档03-哨兵-计算-本体-权威规范-20260710/SYNOVA-RESEARCH-第二章-compute规范-20260710.html",2,128,"128,166"
E,E-31,AD03,"docs/synova/research/权威文档03-哨兵-计算-本体-权威规范-20260710/SYNOVA-RESEARCH-第二章-compute规范-20260710.html",4,128,"128,158,178,184"
E,E-18,AD03,"docs/synova/research/权威文档03-哨兵-计算-本体-权威规范-20260710/SYNOVA-RESEARCH-第二章-compute规范-20260710.html",1,128,"128"
E,E-01,AD03,"docs/synova/research/权威文档03-哨兵-计算-本体-权威规范-20260710/SYNOVA-RESEARCH-第二章-compute规范-20260710.html",2,140,"140,166"
E,E-25,AD03,"docs/synova/research/权威文档03-哨兵-计算-本体-权威规范-20260710/SYNOVA-RESEARCH-第二章-compute规范-20260710.html",1,159,"159"
E,E-32,AD03,"docs/synova/research/权威文档03-哨兵-计算-本体-权威规范-20260710/SYNOVA-RESEARCH-第二章-compute规范-20260710.html",2,165,"165,182"
E,E-09,AD03,"docs/synova/research/权威文档03-哨兵-计算-本体-权威规范-20260710/SYNOVA-RESEARCH-第二章-compute规范-20260710.html",1,167,"167"
E,E-03,AD03,"docs/synova/research/权威文档03-哨兵-计算-本体-权威规范-20260710/SYNOVA-RESEARCH-第二章-compute规范-20260710.html",1,168,"168"
E,E-05,AD03,"docs/synova/research/权威文档03-哨兵-计算-本体-权威规范-20260710/SYNOVA-RESEARCH-第二章-compute规范-20260710.html",1,170,"170"
E,E-06,AD03,"docs/synova/research/权威文档03-哨兵-计算-本体-权威规范-20260710/SYNOVA-RESEARCH-第二章-compute规范-20260710.html",1,170,"170"
E,E-28,AD03,"docs/synova/research/权威文档03-哨兵-计算-本体-权威规范-20260710/SYNOVA-RESEARCH-第二章-compute规范-20260710.html",1,174,"174"
E,E-15,AD03,"docs/synova/research/权威文档03-哨兵-计算-本体-权威规范-20260710/SYNOVA-RESEARCH-第二章-compute规范-20260710.html",2,175,"175,181"
E,E-38,AD03,"docs/synova/research/权威文档03-哨兵-计算-本体-权威规范-20260710/SYNOVA-RESEARCH-第二章-compute规范-20260710.html",1,175,"175"
E,E-20,AD03,"docs/synova/research/权威文档03-哨兵-计算-本体-权威规范-20260710/SYNOVA-RESEARCH-第二章-compute规范-20260710.html",1,176,"176"
E,E-34,AD03,"docs/synova/research/权威文档03-哨兵-计算-本体-权威规范-20260710/SYNOVA-RESEARCH-第二章-compute规范-20260710.html",1,177,"177"
E,E-14,AD03,"docs/synova/research/权威文档03-哨兵-计算-本体-权威规范-20260710/SYNOVA-RESEARCH-第二章-compute规范-20260710.html",2,179,"179,180"
sentinelKebab,sentinel-breakeven,AD03,"docs/synova/research/权威文档03-哨兵-计算-本体-权威规范-20260710/SYNOVA-RESEARCH-第二章-compute规范-20260710.html",1,20,"20"
sentinelKebab,sentinel-operating-leverage,AD03,"docs/synova/research/权威文档03-哨兵-计算-本体-权威规范-20260710/SYNOVA-RESEARCH-第二章-compute规范-20260710.html",1,35,"35"
sentinelKebab,sentinel-price-elasticity,AD03,"docs/synova/research/权威文档03-哨兵-计算-本体-权威规范-20260710/SYNOVA-RESEARCH-第二章-compute规范-20260710.html",1,50,"50"
sentinelKebab,sentinel-npv-negative,AD03,"docs/synova/research/权威文档03-哨兵-计算-本体-权威规范-20260710/SYNOVA-RESEARCH-第二章-compute规范-20260710.html",1,65,"65"
sentinelKebab,sentinel-margin-trend,AD03,"docs/synova/research/权威文档03-哨兵-计算-本体-权威规范-20260710/SYNOVA-RESEARCH-第二章-compute规范-20260710.html",1,78,"78"
sentinelKebab,sentinel-hhi-concentration,AD03,"docs/synova/research/权威文档03-哨兵-计算-本体-权威规范-20260710/SYNOVA-RESEARCH-第二章-compute规范-20260710.html",1,91,"91"
sentinelKebab,sentinel-learning-curve,AD03,"docs/synova/research/权威文档03-哨兵-计算-本体-权威规范-20260710/SYNOVA-RESEARCH-第二章-compute规范-20260710.html",1,104,"104"
sentinelKebab,sentinel-agency-cost,AD03,"docs/synova/research/权威文档03-哨兵-计算-本体-权威规范-20260710/SYNOVA-RESEARCH-第二章-compute规范-20260710.html",1,117,"117"
sentinelKebab,sentinel-survival-margin,AD03,"docs/synova/research/权威文档03-哨兵-计算-本体-权威规范-20260710/SYNOVA-RESEARCH-第二章-compute规范-20260710.html",1,130,"130"
sentinelKebab,sentinel-csf-profile,AD03,"docs/synova/research/权威文档03-哨兵-计算-本体-权威规范-20260710/SYNOVA-RESEARCH-第二章-compute规范-20260710.html",1,141,"141"
computeCamel,computeBreakEven,AD03,"docs/synova/research/权威文档03-哨兵-计算-本体-权威规范-20260710/SYNOVA-RESEARCH-第二章-compute规范-20260710.html",1,11,"11"
computeCamel,computeDOL,AD03,"docs/synova/research/权威文档03-哨兵-计算-本体-权威规范-20260710/SYNOVA-RESEARCH-第二章-compute规范-20260710.html",2,26,"26,161"
computeCamel,computePriceElasticity,AD03,"docs/synova/research/权威文档03-哨兵-计算-本体-权威规范-20260710/SYNOVA-RESEARCH-第二章-compute规范-20260710.html",1,41,"41"
computeCamel,computeNPV,AD03,"docs/synova/research/权威文档03-哨兵-计算-本体-权威规范-20260710/SYNOVA-RESEARCH-第二章-compute规范-20260710.html",1,57,"57"
computeCamel,computeMarginalCost,AD03,"docs/synova/research/权威文档03-哨兵-计算-本体-权威规范-20260710/SYNOVA-RESEARCH-第二章-compute规范-20260710.html",1,70,"70"
computeCamel,computeHHI,AD03,"docs/synova/research/权威文档03-哨兵-计算-本体-权威规范-20260710/SYNOVA-RESEARCH-第二章-compute规范-20260710.html",2,83,"83,155"
computeCamel,computeLearningCurve,AD03,"docs/synova/research/权威文档03-哨兵-计算-本体-权威规范-20260710/SYNOVA-RESEARCH-第二章-compute规范-20260710.html",1,96,"96"
computeCamel,computeAgencyCost,AD03,"docs/synova/research/权威文档03-哨兵-计算-本体-权威规范-20260710/SYNOVA-RESEARCH-第二章-compute规范-20260710.html",1,109,"109"
computeCamel,computeSurvivalMargin,AD03,"docs/synova/research/权威文档03-哨兵-计算-本体-权威规范-20260710/SYNOVA-RESEARCH-第二章-compute规范-20260710.html",1,123,"123"
computeCamel,computeCSFProfile,AD03,"docs/synova/research/权威文档03-哨兵-计算-本体-权威规范-20260710/SYNOVA-RESEARCH-第二章-compute规范-20260710.html",1,135,"135"
computeCamel,computeCapitalEfficiency,AD03,"docs/synova/research/权威文档03-哨兵-计算-本体-权威规范-20260710/SYNOVA-RESEARCH-第二章-compute规范-20260710.html",1,152,"152"
computeCamel,computeCapitalTurnover,AD03,"docs/synova/research/权威文档03-哨兵-计算-本体-权威规范-20260710/SYNOVA-RESEARCH-第二章-compute规范-20260710.html",1,153,"153"
computeCamel,computeDebtEquityRatio,AD03,"docs/synova/research/权威文档03-哨兵-计算-本体-权威规范-20260710/SYNOVA-RESEARCH-第二章-compute规范-20260710.html",1,154,"154"
computeCamel,computeCompetitivePosition,AD03,"docs/synova/research/权威文档03-哨兵-计算-本体-权威规范-20260710/SYNOVA-RESEARCH-第二章-compute规范-20260710.html",1,156,"156"
computeCamel,computeMarketGrowthRate,AD03,"docs/synova/research/权威文档03-哨兵-计算-本体-权威规范-20260710/SYNOVA-RESEARCH-第二章-compute规范-20260710.html",1,157,"157"
computeCamel,computeSwitchingCost,AD03,"docs/synova/research/权威文档03-哨兵-计算-本体-权威规范-20260710/SYNOVA-RESEARCH-第二章-compute规范-20260710.html",1,158,"158"
computeCamel,computeBrandStrength,AD03,"docs/synova/research/权威文档03-哨兵-计算-本体-权威规范-20260710/SYNOVA-RESEARCH-第二章-compute规范-20260710.html",1,159,"159"
computeCamel,computeNetworkEffectDensity,AD03,"docs/synova/research/权威文档03-哨兵-计算-本体-权威规范-20260710/SYNOVA-RESEARCH-第二章-compute规范-20260710.html",1,160,"160"
computeCamel,computeMarginalContribution,AD03,"docs/synova/research/权威文档03-哨兵-计算-本体-权威规范-20260710/SYNOVA-RESEARCH-第二章-compute规范-20260710.html",1,162,"162"
computeCamel,computeFixedCostRigidity,AD03,"docs/synova/research/权威文档03-哨兵-计算-本体-权威规范-20260710/SYNOVA-RESEARCH-第二章-compute规范-20260710.html",1,163,"163"
computeCamel,computeCashRunway,AD03,"docs/synova/research/权威文档03-哨兵-计算-本体-权威规范-20260710/SYNOVA-RESEARCH-第二章-compute规范-20260710.html",1,164,"164"
computeCamel,computeChannelCapacity,AD03,"docs/synova/research/权威文档03-哨兵-计算-本体-权威规范-20260710/SYNOVA-RESEARCH-第二章-compute规范-20260710.html",1,165,"165"
computeCamel,computeDemandShift,AD03,"docs/synova/research/权威文档03-哨兵-计算-本体-权威规范-20260710/SYNOVA-RESEARCH-第二章-compute规范-20260710.html",1,166,"166"
computeCamel,computeDataFreshness,AD03,"docs/synova/research/权威文档03-哨兵-计算-本体-权威规范-20260710/SYNOVA-RESEARCH-第二章-compute规范-20260710.html",1,167,"167"
computeCamel,computeEnvRentDependency,AD03,"docs/synova/research/权威文档03-哨兵-计算-本体-权威规范-20260710/SYNOVA-RESEARCH-第二章-compute规范-20260710.html",1,168,"168"
computeCamel,computeEEBalance,AD03,"docs/synova/research/权威文档03-哨兵-计算-本体-权威规范-20260710/SYNOVA-RESEARCH-第二章-compute规范-20260710.html",1,169,"169"
computeCamel,computeFinancingConstraint,AD03,"docs/synova/research/权威文档03-哨兵-计算-本体-权威规范-20260710/SYNOVA-RESEARCH-第二章-compute规范-20260710.html",1,170,"170"
computeCamel,computeGrowthQuality,AD03,"docs/synova/research/权威文档03-哨兵-计算-本体-权威规范-20260710/SYNOVA-RESEARCH-第二章-compute规范-20260710.html",1,171,"171"
computeCamel,computeIncentiveDistortion,AD03,"docs/synova/research/权威文档03-哨兵-计算-本体-权威规范-20260710/SYNOVA-RESEARCH-第二章-compute规范-20260710.html",1,172,"172"
computeCamel,computeInfoDistortion,AD03,"docs/synova/research/权威文档03-哨兵-计算-本体-权威规范-20260710/SYNOVA-RESEARCH-第二章-compute规范-20260710.html",1,173,"173"
computeCamel,computeInternalTxnCost,AD03,"docs/synova/research/权威文档03-哨兵-计算-本体-权威规范-20260710/SYNOVA-RESEARCH-第二章-compute规范-20260710.html",1,174,"174"
computeCamel,computeKeyPersonRisk,AD03,"docs/synova/research/权威文档03-哨兵-计算-本体-权威规范-20260710/SYNOVA-RESEARCH-第二章-compute规范-20260710.html",1,175,"175"
computeCamel,computeKnowledgeAccess,AD03,"docs/synova/research/权威文档03-哨兵-计算-本体-权威规范-20260710/SYNOVA-RESEARCH-第二章-compute规范-20260710.html",1,176,"176"
computeCamel,computeMakeOrBuy,AD03,"docs/synova/research/权威文档03-哨兵-计算-本体-权威规范-20260710/SYNOVA-RESEARCH-第二章-compute规范-20260710.html",1,177,"177"
computeCamel,computeMoatDependency,AD03,"docs/synova/research/权威文档03-哨兵-计算-本体-权威规范-20260710/SYNOVA-RESEARCH-第二章-compute规范-20260710.html",1,178,"178"
computeCamel,computeNetworkPower,AD03,"docs/synova/research/权威文档03-哨兵-计算-本体-权威规范-20260710/SYNOVA-RESEARCH-第二章-compute规范-20260710.html",1,179,"179"
computeCamel,computeConcentrationGini,AD03,"docs/synova/research/权威文档03-哨兵-计算-本体-权威规范-20260710/SYNOVA-RESEARCH-第二章-compute规范-20260710.html",1,180,"180"
computeCamel,computeResourceMisallocation,AD03,"docs/synova/research/权威文档03-哨兵-计算-本体-权威规范-20260710/SYNOVA-RESEARCH-第二章-compute规范-20260710.html",1,181,"181"
computeCamel,computeRevenueGrowth,AD03,"docs/synova/research/权威文档03-哨兵-计算-本体-权威规范-20260710/SYNOVA-RESEARCH-第二章-compute规范-20260710.html",1,182,"182"
computeCamel,computeUnitEconomics,AD03,"docs/synova/research/权威文档03-哨兵-计算-本体-权威规范-20260710/SYNOVA-RESEARCH-第二章-compute规范-20260710.html",1,183,"183"
computeCamel,computeValueCapture,AD03,"docs/synova/research/权威文档03-哨兵-计算-本体-权威规范-20260710/SYNOVA-RESEARCH-第二章-compute规范-20260710.html",1,184,"184"
computeCamel,computeBModelCoherence,AD03,"docs/synova/research/权威文档03-哨兵-计算-本体-权威规范-20260710/SYNOVA-RESEARCH-第二章-compute规范-20260710.html",1,185,"185"
E,E-05,AD04,"docs/synova/research/权威文档04-数据层权威规范-20260710/SYNOVA-RESEARCH-第一章-数据接入标准-20260710.html",1,47,"47"
E,E-06,AD04,"docs/synova/research/权威文档04-数据层权威规范-20260710/SYNOVA-RESEARCH-第一章-数据接入标准-20260710.html",1,47,"47"
E,E-13,AD04,"docs/synova/research/权威文档04-数据层权威规范-20260710/SYNOVA-RESEARCH-第一章-数据接入标准-20260710.html",1,47,"47"
E,E-30,AD04,"docs/synova/research/权威文档04-数据层权威规范-20260710/SYNOVA-RESEARCH-第一章-数据接入标准-20260710.html",1,47,"47"
E,E-34,AD04,"docs/synova/research/权威文档04-数据层权威规范-20260710/SYNOVA-RESEARCH-第一章-数据接入标准-20260710.html",1,47,"47"
E,E-37,AD04,"docs/synova/research/权威文档04-数据层权威规范-20260710/SYNOVA-RESEARCH-第一章-数据接入标准-20260710.html",1,47,"47"
E,E-23,AD04,"docs/synova/research/权威文档04-数据层权威规范-20260710/SYNOVA-RESEARCH-第一章-数据接入标准-20260710.html",1,48,"48"
E,E-19,AD04,"docs/synova/research/权威文档04-数据层权威规范-20260710/SYNOVA-RESEARCH-第一章-数据接入标准-20260710.html",1,48,"48"
E,E-27,AD04,"docs/synova/research/权威文档04-数据层权威规范-20260710/SYNOVA-RESEARCH-第一章-数据接入标准-20260710.html",1,48,"48"
E,E-28,AD04,"docs/synova/research/权威文档04-数据层权威规范-20260710/SYNOVA-RESEARCH-第一章-数据接入标准-20260710.html",1,48,"48"
E,E-39,AD04,"docs/synova/research/权威文档04-数据层权威规范-20260710/SYNOVA-RESEARCH-第一章-数据接入标准-20260710.html",1,48,"48"
E,E-07,AD04,"docs/synova/research/权威文档04-数据层权威规范-20260710/SYNOVA-RESEARCH-第一章-数据接入标准-20260710.html",1,49,"49"
E,E-15,AD04,"docs/synova/research/权威文档04-数据层权威规范-20260710/SYNOVA-RESEARCH-第一章-数据接入标准-20260710.html",1,49,"49"
E,E-17,AD04,"docs/synova/research/权威文档04-数据层权威规范-20260710/SYNOVA-RESEARCH-第一章-数据接入标准-20260710.html",1,49,"49"
E,E-21,AD04,"docs/synova/research/权威文档04-数据层权威规范-20260710/SYNOVA-RESEARCH-第一章-数据接入标准-20260710.html",1,49,"49"
E,E-38,AD04,"docs/synova/research/权威文档04-数据层权威规范-20260710/SYNOVA-RESEARCH-第一章-数据接入标准-20260710.html",1,49,"49"
E,E-25,AD04,"docs/synova/research/权威文档04-数据层权威规范-20260710/SYNOVA-RESEARCH-第一章-数据接入标准-20260710.html",1,50,"50"
E,E-31,AD04,"docs/synova/research/权威文档04-数据层权威规范-20260710/SYNOVA-RESEARCH-第一章-数据接入标准-20260710.html",1,50,"50"
E,E-32,AD04,"docs/synova/research/权威文档04-数据层权威规范-20260710/SYNOVA-RESEARCH-第一章-数据接入标准-20260710.html",1,50,"50"
E,E-35,AD04,"docs/synova/research/权威文档04-数据层权威规范-20260710/SYNOVA-RESEARCH-第一章-数据接入标准-20260710.html",1,50,"50"
E,E-40,AD04,"docs/synova/research/权威文档04-数据层权威规范-20260710/SYNOVA-RESEARCH-第一章-数据接入标准-20260710.html",1,50,"50"
E,E-01,AD04,"docs/synova/research/权威文档04-数据层权威规范-20260710/SYNOVA-RESEARCH-第一章-数据接入标准-20260710.html",1,51,"51"
E,E-03,AD04,"docs/synova/research/权威文档04-数据层权威规范-20260710/SYNOVA-RESEARCH-第一章-数据接入标准-20260710.html",1,51,"51"
E,E-33,AD04,"docs/synova/research/权威文档04-数据层权威规范-20260710/SYNOVA-RESEARCH-第一章-数据接入标准-20260710.html",1,51,"51"
E,E-36,AD04,"docs/synova/research/权威文档04-数据层权威规范-20260710/SYNOVA-RESEARCH-第一章-数据接入标准-20260710.html",1,51,"51"
E,E-24,AD04,"docs/synova/research/权威文档04-数据层权威规范-20260710/SYNOVA-RESEARCH-第一章-数据接入标准-20260710.html",1,52,"52"
E,E-26,AD04,"docs/synova/research/权威文档04-数据层权威规范-20260710/SYNOVA-RESEARCH-第一章-数据接入标准-20260710.html",1,52,"52"
E,E-02,AD04,"docs/synova/research/权威文档04-数据层权威规范-20260710/SYNOVA-RESEARCH-第一章-数据接入标准-20260710.html",1,53,"53"
E,E-09,AD04,"docs/synova/research/权威文档04-数据层权威规范-20260710/SYNOVA-RESEARCH-第一章-数据接入标准-20260710.html",1,53,"53"
E,E-16,AD04,"docs/synova/research/权威文档04-数据层权威规范-20260710/SYNOVA-RESEARCH-第一章-数据接入标准-20260710.html",1,53,"53"
E,E-18,AD04,"docs/synova/research/权威文档04-数据层权威规范-20260710/SYNOVA-RESEARCH-第一章-数据接入标准-20260710.html",1,53,"53"
E,E-42,AD04,"docs/synova/research/权威文档04-数据层权威规范-20260710/SYNOVA-RESEARCH-第一章-数据接入标准-20260710.html",1,53,"53"
E,E-01,AD04,"docs/synova/research/权威文档04-数据层权威规范-20260710/SYNOVA-RESEARCH-第三章-数据质量门禁-20260710.html",1,12,"12"
E,E-02,AD04,"docs/synova/research/权威文档04-数据层权威规范-20260710/SYNOVA-RESEARCH-第三章-数据质量门禁-20260710.html",1,12,"12"
E,E-03,AD04,"docs/synova/research/权威文档04-数据层权威规范-20260710/SYNOVA-RESEARCH-第三章-数据质量门禁-20260710.html",1,12,"12"
E,E-16,AD04,"docs/synova/research/权威文档04-数据层权威规范-20260710/SYNOVA-RESEARCH-第三章-数据质量门禁-20260710.html",1,12,"12"
E,E-23,AD04,"docs/synova/research/权威文档04-数据层权威规范-20260710/SYNOVA-RESEARCH-第三章-数据质量门禁-20260710.html",1,13,"13"
E,E-30,AD04,"docs/synova/research/权威文档04-数据层权威规范-20260710/SYNOVA-RESEARCH-第三章-数据质量门禁-20260710.html",1,13,"13"
E,E-31,AD04,"docs/synova/research/权威文档04-数据层权威规范-20260710/SYNOVA-RESEARCH-第三章-数据质量门禁-20260710.html",1,13,"13"
E,E-32,AD04,"docs/synova/research/权威文档04-数据层权威规范-20260710/SYNOVA-RESEARCH-第三章-数据质量门禁-20260710.html",1,13,"13"
E,E-05,AD04,"docs/synova/research/权威文档04-数据层权威规范-20260710/SYNOVA-RESEARCH-第三章-数据质量门禁-20260710.html",1,14,"14"
E,E-06,AD04,"docs/synova/research/权威文档04-数据层权威规范-20260710/SYNOVA-RESEARCH-第三章-数据质量门禁-20260710.html",1,14,"14"
E,E-13,AD04,"docs/synova/research/权威文档04-数据层权威规范-20260710/SYNOVA-RESEARCH-第三章-数据质量门禁-20260710.html",1,14,"14"
E,E-37,AD04,"docs/synova/research/权威文档04-数据层权威规范-20260710/SYNOVA-RESEARCH-第三章-数据质量门禁-20260710.html",1,14,"14"
E,E-14,AD04,"docs/synova/research/权威文档04-数据层权威规范-20260710/SYNOVA-RESEARCH-第三章-数据质量门禁-20260710.html",1,15,"15"
E,E-15,AD04,"docs/synova/research/权威文档04-数据层权威规范-20260710/SYNOVA-RESEARCH-第三章-数据质量门禁-20260710.html",1,15,"15"
E,E-17,AD04,"docs/synova/research/权威文档04-数据层权威规范-20260710/SYNOVA-RESEARCH-第三章-数据质量门禁-20260710.html",1,15,"15"
E,E-38,AD04,"docs/synova/research/权威文档04-数据层权威规范-20260710/SYNOVA-RESEARCH-第三章-数据质量门禁-20260710.html",1,15,"15"
E,E-31,AD05,"docs/synova/research/权威文档05-Agent主动交互系统蓝图-20260710/SYNOVA-RESEARCH-Module-1-主动触达引擎-20260710.html",4,37,"37,46,61,192"
E,E-33,AD05,"docs/synova/research/权威文档05-Agent主动交互系统蓝图-20260710/SYNOVA-RESEARCH-Module-1-主动触达引擎-20260710.html",4,37,"37,46,63,198"
E,E-30,AD05,"docs/synova/research/权威文档05-Agent主动交互系统蓝图-20260710/SYNOVA-RESEARCH-Module-1-主动触达引擎-20260710.html",4,37,"37,47,50,186"
E,E-25,AD05,"docs/synova/research/权威文档05-Agent主动交互系统蓝图-20260710/SYNOVA-RESEARCH-Module-1-主动触达引擎-20260710.html",2,37,"37,180"
E,E-13,AD05,"docs/synova/research/权威文档05-Agent主动交互系统蓝图-20260710/SYNOVA-RESEARCH-Module-1-主动触达引擎-20260710.html",8,37,"37,45,47,49,50,62"
E,E-37,AD05,"docs/synova/research/权威文档05-Agent主动交互系统蓝图-20260710/SYNOVA-RESEARCH-Module-1-主动触达引擎-20260710.html",4,37,"37,45,62,210"
E,E-05,AD05,"docs/synova/research/权威文档05-Agent主动交互系统蓝图-20260710/SYNOVA-RESEARCH-Module-1-主动触达引擎-20260710.html",2,37,"37,132"
E,E-06,AD05,"docs/synova/research/权威文档05-Agent主动交互系统蓝图-20260710/SYNOVA-RESEARCH-Module-1-主动触达引擎-20260710.html",1,37,"37"
E,E-23,AD05,"docs/synova/research/权威文档05-Agent主动交互系统蓝图-20260710/SYNOVA-RESEARCH-Module-1-主动触达引擎-20260710.html",7,37,"37,47,49,50,61,62"
E,E-24,AD05,"docs/synova/research/权威文档05-Agent主动交互系统蓝图-20260710/SYNOVA-RESEARCH-Module-1-主动触达引擎-20260710.html",2,37,"37"
E,E-28,AD05,"docs/synova/research/权威文档05-Agent主动交互系统蓝图-20260710/SYNOVA-RESEARCH-Module-1-主动触达引擎-20260710.html",1,37,"37"
E,E-29,AD05,"docs/synova/research/权威文档05-Agent主动交互系统蓝图-20260710/SYNOVA-RESEARCH-Module-1-主动触达引擎-20260710.html",2,37,"37"
E,E-15,AD05,"docs/synova/research/权威文档05-Agent主动交互系统蓝图-20260710/SYNOVA-RESEARCH-Module-1-主动触达引擎-20260710.html",3,37,"37,48,150"
E,E-38,AD05,"docs/synova/research/权威文档05-Agent主动交互系统蓝图-20260710/SYNOVA-RESEARCH-Module-1-主动触达引擎-20260710.html",3,37,"37,48,63"
E,E-17,AD05,"docs/synova/research/权威文档05-Agent主动交互系统蓝图-20260710/SYNOVA-RESEARCH-Module-1-主动触达引擎-20260710.html",2,37,"37,162"
E,E-21,AD05,"docs/synova/research/权威文档05-Agent主动交互系统蓝图-20260710/SYNOVA-RESEARCH-Module-1-主动触达引擎-20260710.html",1,37,"37"
E,E-19,AD05,"docs/synova/research/权威文档05-Agent主动交互系统蓝图-20260710/SYNOVA-RESEARCH-Module-1-主动触达引擎-20260710.html",2,37,"37,168"
E,E-20,AD05,"docs/synova/research/权威文档05-Agent主动交互系统蓝图-20260710/SYNOVA-RESEARCH-Module-1-主动触达引擎-20260710.html",1,37,"37"
E,E-36,AD05,"docs/synova/research/权威文档05-Agent主动交互系统蓝图-20260710/SYNOVA-RESEARCH-Module-1-主动触达引擎-20260710.html",2,46,"46,204"
E,E-01,AD05,"docs/synova/research/权威文档05-Agent主动交互系统蓝图-20260710/SYNOVA-RESEARCH-Module-1-主动触达引擎-20260710.html",1,120,"120"
E,E-02,AD05,"docs/synova/research/权威文档05-Agent主动交互系统蓝图-20260710/SYNOVA-RESEARCH-Module-1-主动触达引擎-20260710.html",1,126,"126"
E,E-14,AD05,"docs/synova/research/权威文档05-Agent主动交互系统蓝图-20260710/SYNOVA-RESEARCH-Module-1-主动触达引擎-20260710.html",1,144,"144"
E,E-16,AD05,"docs/synova/research/权威文档05-Agent主动交互系统蓝图-20260710/SYNOVA-RESEARCH-Module-1-主动触达引擎-20260710.html",1,156,"156"
E,E-42,AD05,"docs/synova/research/权威文档05-Agent主动交互系统蓝图-20260710/SYNOVA-RESEARCH-Module-1-主动触达引擎-20260710.html",1,216,"216"
ND,ND-001,AD05,"docs/synova/research/权威文档05-Agent主动交互系统蓝图-20260710/SYNOVA-RESEARCH-Module-1-主动触达引擎-20260710.html",1,36,"36"
ND,ND-013,AD05,"docs/synova/research/权威文档05-Agent主动交互系统蓝图-20260710/SYNOVA-RESEARCH-Module-1-主动触达引擎-20260710.html",1,36,"36"
ND,ND-019,AD05,"docs/synova/research/权威文档05-Agent主动交互系统蓝图-20260710/SYNOVA-RESEARCH-Module-1-主动触达引擎-20260710.html",1,36,"36"
sentinelKebab,sentinel-breakeven,AD05,"docs/synova/research/权威文档05-Agent主动交互系统蓝图-20260710/SYNOVA-RESEARCH-Module-1-主动触达引擎-20260710.html",1,49,"49"
sentinelKebab,sentinel-learning-curve,AD05,"docs/synova/research/权威文档05-Agent主动交互系统蓝图-20260710/SYNOVA-RESEARCH-Module-1-主动触达引擎-20260710.html",1,110,"110"
E,E-36,AD05,"docs/synova/research/权威文档05-Agent主动交互系统蓝图-20260710/SYNOVA-RESEARCH-Module-2-对话式因果探索引擎-20260710.html",1,59,"59"
E,E-31,AD05,"docs/synova/research/权威文档05-Agent主动交互系统蓝图-20260710/SYNOVA-RESEARCH-Module-2-对话式因果探索引擎-20260710.html",1,59,"59"
E,E-15,AD05,"docs/synova/research/权威文档05-Agent主动交互系统蓝图-20260710/SYNOVA-RESEARCH-Module-3-GA人机协同与反馈闭环-20260710.html",1,64,"64"
E,E-38,AD05,"docs/synova/research/权威文档05-Agent主动交互系统蓝图-20260710/SYNOVA-RESEARCH-Module-3-GA人机协同与反馈闭环-20260710.html",1,64,"64"
E,E-23,AD05,"docs/synova/research/权威文档05-Agent主动交互系统蓝图-20260710/SYNOVA-RESEARCH-Module-5-Action闭环设计-20260710.html",1,20,"20"
E,E-13,AD05,"docs/synova/research/权威文档05-Agent主动交互系统蓝图-20260710/SYNOVA-RESEARCH-Module-5-Action闭环设计-20260710.html",1,20,"20"
E,E-31,AD05,"docs/synova/research/权威文档05-Agent主动交互系统蓝图-20260710/SYNOVA-RESEARCH-Module-6-架构融合与报告形态-20260710.html",2,101,"101"
E,E-33,AD05,"docs/synova/research/权威文档05-Agent主动交互系统蓝图-20260710/SYNOVA-RESEARCH-Module-6-架构融合与报告形态-20260710.html",2,101,"101"
E,E-30,AD05,"docs/synova/research/权威文档05-Agent主动交互系统蓝图-20260710/SYNOVA-RESEARCH-Module-6-架构融合与报告形态-20260710.html",2,101,"101"
E,E-25,AD05,"docs/synova/research/权威文档05-Agent主动交互系统蓝图-20260710/SYNOVA-RESEARCH-Module-6-架构融合与报告形态-20260710.html",2,101,"101"
E,E-37,AD05,"docs/synova/research/权威文档05-Agent主动交互系统蓝图-20260710/SYNOVA-RESEARCH-Module-6-架构融合与报告形态-20260710.html",1,103,"103"
E,E-05,AD05,"docs/synova/research/权威文档05-Agent主动交互系统蓝图-20260710/SYNOVA-RESEARCH-Module-6-架构融合与报告形态-20260710.html",1,103,"103"
E,E-38,AD05,"docs/synova/research/权威文档05-Agent主动交互系统蓝图-20260710/SYNOVA-RESEARCH-Module-6-架构融合与报告形态-20260710.html",2,105,"105"
E,E-15,AD05,"docs/synova/research/权威文档05-Agent主动交互系统蓝图-20260710/SYNOVA-RESEARCH-Module-6-架构融合与报告形态-20260710.html",1,105,"105"
Dnum,D603,AD05,"docs/synova/research/权威文档05-Agent主动交互系统蓝图-20260710/权威文档05-补充研究-线程流式子Agent交互-20260727.md",4,9,"9,15,36,190"
Dnum,D590,AD05,"docs/synova/research/权威文档05-Agent主动交互系统蓝图-20260710/权威文档05-补充研究-线程流式子Agent交互-20260727.md",2,14,"14,36"
sentinelKebab,sentinel-name,AD06,"docs/synova/research/权威文档06-测试体系权威规范-20260710/SYNOVA-RESEARCH-第三章-集成测试规范-20260710.html",1,16,"16"
E,E-23,AD06,"docs/synova/research/权威文档06-测试体系权威规范-20260710/SYNOVA-RESEARCH-第三章附录完整-专家推理验证集-32用例-20260710.html",10,12,"12,20,28,78,103,128"
E,E-30,AD06,"docs/synova/research/权威文档06-测试体系权威规范-20260710/SYNOVA-RESEARCH-第三章附录完整-专家推理验证集-32用例-20260710.html",2,20,"20,95"
E,E-36,AD06,"docs/synova/research/权威文档06-测试体系权威规范-20260710/SYNOVA-RESEARCH-第三章附录完整-专家推理验证集-32用例-20260710.html",2,37,"37,45"
E,E-33,AD06,"docs/synova/research/权威文档06-测试体系权威规范-20260710/SYNOVA-RESEARCH-第三章附录完整-专家推理验证集-32用例-20260710.html",2,45,"45,145"
E,E-31,AD06,"docs/synova/research/权威文档06-测试体系权威规范-20260710/SYNOVA-RESEARCH-第三章附录完整-专家推理验证集-32用例-20260710.html",2,53,"53,95"
E,E-14,AD06,"docs/synova/research/权威文档06-测试体系权威规范-20260710/SYNOVA-RESEARCH-第三章附录完整-专家推理验证集-32用例-20260710.html",1,62,"62"
E,E-15,AD06,"docs/synova/research/权威文档06-测试体系权威规范-20260710/SYNOVA-RESEARCH-第三章附录完整-专家推理验证集-32用例-20260710.html",1,70,"70"
E,E-38,AD06,"docs/synova/research/权威文档06-测试体系权威规范-20260710/SYNOVA-RESEARCH-第三章附录完整-专家推理验证集-32用例-20260710.html",1,70,"70"
E,E-32,AD06,"docs/synova/research/权威文档06-测试体系权威规范-20260710/SYNOVA-RESEARCH-第三章附录完整-专家推理验证集-32用例-20260710.html",1,87,"87"
E,E-29,AD06,"docs/synova/research/权威文档06-测试体系权威规范-20260710/SYNOVA-RESEARCH-第三章附录完整-专家推理验证集-32用例-20260710.html",3,112,"112,120"
E,E-24,AD06,"docs/synova/research/权威文档06-测试体系权威规范-20260710/SYNOVA-RESEARCH-第三章附录完整-专家推理验证集-32用例-20260710.html",1,145,"145"
E,E-37,AD06,"docs/synova/research/权威文档06-测试体系权威规范-20260710/SYNOVA-RESEARCH-第三章附录完整-专家推理验证集-32用例-20260710.html",1,162,"162"
E,E-05,AD06,"docs/synova/research/权威文档06-测试体系权威规范-20260710/SYNOVA-RESEARCH-第三章附录完整-专家推理验证集-32用例-20260710.html",1,170,"170"
E,E-19,AD06,"docs/synova/research/权威文档06-测试体系权威规范-20260710/SYNOVA-RESEARCH-第三章附录完整-专家推理验证集-32用例-20260710.html",1,170,"170"
E,E-20,AD06,"docs/synova/research/权威文档06-测试体系权威规范-20260710/SYNOVA-RESEARCH-第三章附录完整-专家推理验证集-32用例-20260710.html",3,187,"187,195"
sentinelKebab,sentinel-hhi-concentration,AD06,"docs/synova/research/权威文档06-测试体系权威规范-20260710/SYNOVA-RESEARCH-第三章附录完整-专家推理验证集-32用例-20260710.html",1,45,"45"
sentinelKebab,sentinel-price-elasticity,AD06,"docs/synova/research/权威文档06-测试体系权威规范-20260710/SYNOVA-RESEARCH-第三章附录完整-专家推理验证集-32用例-20260710.html",1,95,"95"
sentinelKebab,sentinel-learning-curve,AD06,"docs/synova/research/权威文档06-测试体系权威规范-20260710/SYNOVA-RESEARCH-第三章附录完整-专家推理验证集-32用例-20260710.html",1,170,"170"
computeCamel,computeBreakEven,AD06,"docs/synova/research/权威文档06-测试体系权威规范-20260710/SYNOVA-RESEARCH-第二章-契约测试规范-20260710.html",1,48,"48"
computeCamel,computeDOL,AD06,"docs/synova/research/权威文档06-测试体系权威规范-20260710/SYNOVA-RESEARCH-第二章-契约测试规范-20260710.html",1,59,"59"
E,E-37,AD06,"docs/synova/research/权威文档06-测试体系权威规范-20260710/SYNOVA-RESEARCH-第二章附录-P0批次契约测试蓝图-20260710.html",1,99,"99"
E,E-13,AD06,"docs/synova/research/权威文档06-测试体系权威规范-20260710/SYNOVA-RESEARCH-第二章附录-P0批次契约测试蓝图-20260710.html",3,117,"117,118,125"
E,E-05,AD06,"docs/synova/research/权威文档06-测试体系权威规范-20260710/SYNOVA-RESEARCH-第二章附录-P0批次契约测试蓝图-20260710.html",1,119,"119"
E,E-36,AD06,"docs/synova/research/权威文档06-测试体系权威规范-20260710/SYNOVA-RESEARCH-第二章附录-P0批次契约测试蓝图-20260710.html",1,120,"120"
E,E-33,AD06,"docs/synova/research/权威文档06-测试体系权威规范-20260710/SYNOVA-RESEARCH-第二章附录-P0批次契约测试蓝图-20260710.html",1,121,"121"
E,E-31,AD06,"docs/synova/research/权威文档06-测试体系权威规范-20260710/SYNOVA-RESEARCH-第二章附录-P0批次契约测试蓝图-20260710.html",2,122,"122,124"
E,E-25,AD06,"docs/synova/research/权威文档06-测试体系权威规范-20260710/SYNOVA-RESEARCH-第二章附录-P0批次契约测试蓝图-20260710.html",1,123,"123"
E,E-23,AD06,"docs/synova/research/权威文档06-测试体系权威规范-20260710/SYNOVA-RESEARCH-第二章附录-P0批次契约测试蓝图-20260710.html",1,126,"126"
computeCamel,computeBreakEven,AD06,"docs/synova/research/权威文档06-测试体系权威规范-20260710/SYNOVA-RESEARCH-第二章附录-P0批次契约测试蓝图-20260710.html",1,12,"12"
computeCamel,computeDOL,AD06,"docs/synova/research/权威文档06-测试体系权威规范-20260710/SYNOVA-RESEARCH-第二章附录-P0批次契约测试蓝图-20260710.html",1,22,"22"
computeCamel,computePriceElasticity,AD06,"docs/synova/research/权威文档06-测试体系权威规范-20260710/SYNOVA-RESEARCH-第二章附录-P0批次契约测试蓝图-20260710.html",1,32,"32"
computeCamel,computeNPV,AD06,"docs/synova/research/权威文档06-测试体系权威规范-20260710/SYNOVA-RESEARCH-第二章附录-P0批次契约测试蓝图-20260710.html",1,42,"42"
computeCamel,computeMarginalCost,AD06,"docs/synova/research/权威文档06-测试体系权威规范-20260710/SYNOVA-RESEARCH-第二章附录-P0批次契约测试蓝图-20260710.html",1,52,"52"
computeCamel,computeHHI,AD06,"docs/synova/research/权威文档06-测试体系权威规范-20260710/SYNOVA-RESEARCH-第二章附录-P0批次契约测试蓝图-20260710.html",1,62,"62"
computeCamel,computeLearningCurve,AD06,"docs/synova/research/权威文档06-测试体系权威规范-20260710/SYNOVA-RESEARCH-第二章附录-P0批次契约测试蓝图-20260710.html",1,72,"72"
computeCamel,computeAgencyCost,AD06,"docs/synova/research/权威文档06-测试体系权威规范-20260710/SYNOVA-RESEARCH-第二章附录-P0批次契约测试蓝图-20260710.html",1,82,"82"
computeCamel,computeSurvivalMargin,AD06,"docs/synova/research/权威文档06-测试体系权威规范-20260710/SYNOVA-RESEARCH-第二章附录-P0批次契约测试蓝图-20260710.html",1,92,"92"
computeCamel,computeCSFProfile,AD06,"docs/synova/research/权威文档06-测试体系权威规范-20260710/SYNOVA-RESEARCH-第二章附录-P0批次契约测试蓝图-20260710.html",1,102,"102"
computeCamel,computeCapitalEfficiency,AD06,"docs/synova/research/权威文档06-测试体系权威规范-20260710/SYNOVA-RESEARCH-第二章附录-P0批次契约测试蓝图-20260710.html",1,117,"117"
computeCamel,computeCapitalTurnover,AD06,"docs/synova/research/权威文档06-测试体系权威规范-20260710/SYNOVA-RESEARCH-第二章附录-P0批次契约测试蓝图-20260710.html",1,118,"118"
computeCamel,computeDebtEquityRatio,AD06,"docs/synova/research/权威文档06-测试体系权威规范-20260710/SYNOVA-RESEARCH-第二章附录-P0批次契约测试蓝图-20260710.html",1,119,"119"
computeCamel,computeCompetitivePosition,AD06,"docs/synova/research/权威文档06-测试体系权威规范-20260710/SYNOVA-RESEARCH-第二章附录-P0批次契约测试蓝图-20260710.html",1,120,"120"
computeCamel,computeMarketGrowthRate,AD06,"docs/synova/research/权威文档06-测试体系权威规范-20260710/SYNOVA-RESEARCH-第二章附录-P0批次契约测试蓝图-20260710.html",1,121,"121"
computeCamel,computeSwitchingCost,AD06,"docs/synova/research/权威文档06-测试体系权威规范-20260710/SYNOVA-RESEARCH-第二章附录-P0批次契约测试蓝图-20260710.html",1,122,"122"
computeCamel,computeBrandStrength,AD06,"docs/synova/research/权威文档06-测试体系权威规范-20260710/SYNOVA-RESEARCH-第二章附录-P0批次契约测试蓝图-20260710.html",1,123,"123"
computeCamel,computeNetworkEffectDensity,AD06,"docs/synova/research/权威文档06-测试体系权威规范-20260710/SYNOVA-RESEARCH-第二章附录-P0批次契约测试蓝图-20260710.html",1,124,"124"
computeCamel,computeFixedCostRigidity,AD06,"docs/synova/research/权威文档06-测试体系权威规范-20260710/SYNOVA-RESEARCH-第二章附录-P0批次契约测试蓝图-20260710.html",1,125,"125"
computeCamel,computeMarginalContribution,AD06,"docs/synova/research/权威文档06-测试体系权威规范-20260710/SYNOVA-RESEARCH-第二章附录-P0批次契约测试蓝图-20260710.html",1,126,"126"
E,E-23,AD06,"docs/synova/research/权威文档06-测试体系权威规范-20260710/SYNOVA-RESEARCH-第四章-因果回归测试-20260710.html",4,15,"15,18,19"
E,E-31,AD06,"docs/synova/research/权威文档06-测试体系权威规范-20260710/SYNOVA-RESEARCH-第四章-因果回归测试-20260710.html",2,15,"15,19"
E,E-30,AD06,"docs/synova/research/权威文档06-测试体系权威规范-20260710/SYNOVA-RESEARCH-第四章-因果回归测试-20260710.html",2,15,"15,19"
E,E-24,AD06,"docs/synova/research/权威文档06-测试体系权威规范-20260710/SYNOVA-RESEARCH-第四章-因果回归测试-20260710.html",1,16,"16"
E,E-13,AD06,"docs/synova/research/权威文档06-测试体系权威规范-20260710/SYNOVA-RESEARCH-第四章-因果回归测试-20260710.html",3,16,"16,17,18"
E,E-19,AD06,"docs/synova/research/权威文档06-测试体系权威规范-20260710/SYNOVA-RESEARCH-第四章-因果回归测试-20260710.html",3,16,"16,18"
E,E-02,AD06,"docs/synova/research/权威文档06-测试体系权威规范-20260710/SYNOVA-RESEARCH-第四章-因果回归测试-20260710.html",1,17,"17"
E,E-42,AD06,"docs/synova/research/权威文档06-测试体系权威规范-20260710/SYNOVA-RESEARCH-第四章-因果回归测试-20260710.html",1,17,"17"
E,E-32,AD06,"docs/synova/research/权威文档06-测试体系权威规范-20260710/SYNOVA-RESEARCH-第四章-因果回归测试-20260710.html",1,19,"19"
E,E-05,AD10,"docs/synova/research/权威文档10-专家提示词工程规范-20260713/SYNOVA-RESEARCH-第一章-专家角色定义规范-20260714.html",1,33,"33"
E,E-06,AD10,"docs/synova/research/权威文档10-专家提示词工程规范-20260713/SYNOVA-RESEARCH-第一章-专家角色定义规范-20260714.html",1,33,"33"
E,E-13,AD10,"docs/synova/research/权威文档10-专家提示词工程规范-20260713/SYNOVA-RESEARCH-第一章-专家角色定义规范-20260714.html",1,33,"33"
E,E-23,AD10,"docs/synova/research/权威文档10-专家提示词工程规范-20260713/SYNOVA-RESEARCH-第一章-专家角色定义规范-20260714.html",3,33,"33,34,60"
E,E-30,AD10,"docs/synova/research/权威文档10-专家提示词工程规范-20260713/SYNOVA-RESEARCH-第一章-专家角色定义规范-20260714.html",2,33,"33,60"
E,E-31,AD10,"docs/synova/research/权威文档10-专家提示词工程规范-20260713/SYNOVA-RESEARCH-第一章-专家角色定义规范-20260714.html",3,33,"33,58,60"
E,E-34,AD10,"docs/synova/research/权威文档10-专家提示词工程规范-20260713/SYNOVA-RESEARCH-第一章-专家角色定义规范-20260714.html",1,33,"33"
E,E-37,AD10,"docs/synova/research/权威文档10-专家提示词工程规范-20260713/SYNOVA-RESEARCH-第一章-专家角色定义规范-20260714.html",2,33,"33,60"
E,E-01,AD10,"docs/synova/research/权威文档10-专家提示词工程规范-20260713/SYNOVA-RESEARCH-第一章-专家角色定义规范-20260714.html",1,42,"42"
E,E-03,AD10,"docs/synova/research/权威文档10-专家提示词工程规范-20260713/SYNOVA-RESEARCH-第一章-专家角色定义规范-20260714.html",1,42,"42"
E,E-33,AD10,"docs/synova/research/权威文档10-专家提示词工程规范-20260713/SYNOVA-RESEARCH-第一章-专家角色定义规范-20260714.html",1,42,"42"
E,E-36,AD10,"docs/synova/research/权威文档10-专家提示词工程规范-20260713/SYNOVA-RESEARCH-第一章-专家角色定义规范-20260714.html",1,42,"42"
E,E-14,AD10,"docs/synova/research/权威文档10-专家提示词工程规范-20260713/SYNOVA-RESEARCH-第一章-专家角色定义规范-20260714.html",1,51,"51"
E,E-15,AD10,"docs/synova/research/权威文档10-专家提示词工程规范-20260713/SYNOVA-RESEARCH-第一章-专家角色定义规范-20260714.html",1,51,"51"
E,E-16,AD10,"docs/synova/research/权威文档10-专家提示词工程规范-20260713/SYNOVA-RESEARCH-第一章-专家角色定义规范-20260714.html",1,51,"51"
E,E-17,AD10,"docs/synova/research/权威文档10-专家提示词工程规范-20260713/SYNOVA-RESEARCH-第一章-专家角色定义规范-20260714.html",1,51,"51"
E,E-21,AD10,"docs/synova/research/权威文档10-专家提示词工程规范-20260713/SYNOVA-RESEARCH-第一章-专家角色定义规范-20260714.html",1,51,"51"
E,E-22,AD10,"docs/synova/research/权威文档10-专家提示词工程规范-20260713/SYNOVA-RESEARCH-第一章-专家角色定义规范-20260714.html",1,51,"51"
E,E-38,AD10,"docs/synova/research/权威文档10-专家提示词工程规范-20260713/SYNOVA-RESEARCH-第一章-专家角色定义规范-20260714.html",1,51,"51"
E,E-25,AD10,"docs/synova/research/权威文档10-专家提示词工程规范-20260713/SYNOVA-RESEARCH-第一章-专家角色定义规范-20260714.html",1,58,"58"
E,E-32,AD10,"docs/synova/research/权威文档10-专家提示词工程规范-20260713/SYNOVA-RESEARCH-第一章-专家角色定义规范-20260714.html",2,58,"58,60"
E,E-35,AD10,"docs/synova/research/权威文档10-专家提示词工程规范-20260713/SYNOVA-RESEARCH-第一章-专家角色定义规范-20260714.html",1,58,"58"
E,E-40,AD10,"docs/synova/research/权威文档10-专家提示词工程规范-20260713/SYNOVA-RESEARCH-第一章-专家角色定义规范-20260714.html",1,58,"58"
E,E-29,AD10,"docs/synova/research/权威文档10-专家提示词工程规范-20260713/SYNOVA-RESEARCH-第一章-专家角色定义规范-20260714.html",1,59,"59"
E,E-24,AD10,"docs/synova/research/权威文档10-专家提示词工程规范-20260713/SYNOVA-RESEARCH-第一章-专家角色定义规范-20260714.html",1,59,"59"
E,E-19,AD10,"docs/synova/research/权威文档10-专家提示词工程规范-20260713/SYNOVA-RESEARCH-第一章-专家角色定义规范-20260714.html",1,59,"59"
E,E-20,AD10,"docs/synova/research/权威文档10-专家提示词工程规范-20260713/SYNOVA-RESEARCH-第一章-专家角色定义规范-20260714.html",1,59,"59"
computeCamel,computeBreakEven,AD10,"docs/synova/research/权威文档10-专家提示词工程规范-20260713/SYNOVA-RESEARCH-第一章-专家角色定义规范-20260714.html",1,33,"33"
computeCamel,computeDOL,AD10,"docs/synova/research/权威文档10-专家提示词工程规范-20260713/SYNOVA-RESEARCH-第一章-专家角色定义规范-20260714.html",1,33,"33"
computeCamel,computeNPV,AD10,"docs/synova/research/权威文档10-专家提示词工程规范-20260713/SYNOVA-RESEARCH-第一章-专家角色定义规范-20260714.html",1,33,"33"
computeCamel,computeMarginalCost,AD10,"docs/synova/research/权威文档10-专家提示词工程规范-20260713/SYNOVA-RESEARCH-第一章-专家角色定义规范-20260714.html",1,33,"33"
computeCamel,computeMarginalContribution,AD10,"docs/synova/research/权威文档10-专家提示词工程规范-20260713/SYNOVA-RESEARCH-第一章-专家角色定义规范-20260714.html",1,33,"33"
computeCamel,computeFixedCostRigidity,AD10,"docs/synova/research/权威文档10-专家提示词工程规范-20260713/SYNOVA-RESEARCH-第一章-专家角色定义规范-20260714.html",1,33,"33"
computeCamel,computeCapitalEfficiency,AD10,"docs/synova/research/权威文档10-专家提示词工程规范-20260713/SYNOVA-RESEARCH-第一章-专家角色定义规范-20260714.html",1,33,"33"
computeCamel,computeCapitalTurnover,AD10,"docs/synova/research/权威文档10-专家提示词工程规范-20260713/SYNOVA-RESEARCH-第一章-专家角色定义规范-20260714.html",1,33,"33"
computeCamel,computeDebtEquityRatio,AD10,"docs/synova/research/权威文档10-专家提示词工程规范-20260713/SYNOVA-RESEARCH-第一章-专家角色定义规范-20260714.html",1,33,"33"
computeCamel,computeHHI,AD10,"docs/synova/research/权威文档10-专家提示词工程规范-20260713/SYNOVA-RESEARCH-第一章-专家角色定义规范-20260714.html",1,42,"42"
computeCamel,computeCompetitivePosition,AD10,"docs/synova/research/权威文档10-专家提示词工程规范-20260713/SYNOVA-RESEARCH-第一章-专家角色定义规范-20260714.html",1,42,"42"
computeCamel,computeMarketGrowthRate,AD10,"docs/synova/research/权威文档10-专家提示词工程规范-20260713/SYNOVA-RESEARCH-第一章-专家角色定义规范-20260714.html",1,42,"42"
computeCamel,computeCSFProfile,AD10,"docs/synova/research/权威文档10-专家提示词工程规范-20260713/SYNOVA-RESEARCH-第一章-专家角色定义规范-20260714.html",1,42,"42"
computeCamel,computeConcentrationGini,AD10,"docs/synova/research/权威文档10-专家提示词工程规范-20260713/SYNOVA-RESEARCH-第一章-专家角色定义规范-20260714.html",1,51,"51"
computeCamel,computeKeyPersonRisk,AD10,"docs/synova/research/权威文档10-专家提示词工程规范-20260713/SYNOVA-RESEARCH-第一章-专家角色定义规范-20260714.html",1,51,"51"
computeCamel,computeScope,AD10,"docs/synova/research/权威文档10-专家提示词工程规范-20260713/SYNOVA-RESEARCH-第一章-专家角色定义规范-20260714.html",1,69,"69"
E,E-05,AD10,"docs/synova/research/权威文档10-专家提示词工程规范-20260713/SYNOVA-RESEARCH-第二章-模块化提示词组装-20260714.html",1,31,"31"
E,E-13,AD10,"docs/synova/research/权威文档10-专家提示词工程规范-20260713/SYNOVA-RESEARCH-第二章-模块化提示词组装-20260714.html",1,31,"31"
E,E-23,AD10,"docs/synova/research/权威文档10-专家提示词工程规范-20260713/SYNOVA-RESEARCH-第二章-模块化提示词组装-20260714.html",1,31,"31"
E,E-30,AD10,"docs/synova/research/权威文档10-专家提示词工程规范-20260713/SYNOVA-RESEARCH-第二章-模块化提示词组装-20260714.html",1,31,"31"
E,E-37,AD10,"docs/synova/research/权威文档10-专家提示词工程规范-20260713/SYNOVA-RESEARCH-第二章-模块化提示词组装-20260714.html",1,31,"31"
computeCamel,computeScope,AD10,"docs/synova/research/权威文档10-专家提示词工程规范-20260713/SYNOVA-RESEARCH-第六章-代码对齐与双向映射矩阵-20260714.html",2,17,"17,32"
E,E-19,AD11,"docs/synova/research/权威文档11-管理经济学权威规范-20260714/SYNOVA-RESEARCH-第一章-ME概念42边语义映射-20260715.html",1,19,"19"
E,E-28,AD11,"docs/synova/research/权威文档11-管理经济学权威规范-20260714/SYNOVA-RESEARCH-第一章-ME概念42边语义映射-20260715.html",1,20,"20"
E,E-25,AD11,"docs/synova/research/权威文档11-管理经济学权威规范-20260714/SYNOVA-RESEARCH-第一章-ME概念42边语义映射-20260715.html",1,21,"21"
E,E-23,AD11,"docs/synova/research/权威文档11-管理经济学权威规范-20260714/SYNOVA-RESEARCH-第一章-ME概念42边语义映射-20260715.html",3,22,"22,31,32"
E,E-13,AD11,"docs/synova/research/权威文档11-管理经济学权威规范-20260714/SYNOVA-RESEARCH-第一章-ME概念42边语义映射-20260715.html",3,23,"23,31,32"
E,E-30,AD11,"docs/synova/research/权威文档11-管理经济学权威规范-20260714/SYNOVA-RESEARCH-第一章-ME概念42边语义映射-20260715.html",2,30,"30,44"
E,E-31,AD11,"docs/synova/research/权威文档11-管理经济学权威规范-20260714/SYNOVA-RESEARCH-第一章-ME概念42边语义映射-20260715.html",1,43,"43"
E,E-34,AD11,"docs/synova/research/权威文档11-管理经济学权威规范-20260714/SYNOVA-RESEARCH-第一章-ME概念42边语义映射-20260715.html",1,46,"46"
E,E-01,AD11,"docs/synova/research/权威文档11-管理经济学权威规范-20260714/SYNOVA-RESEARCH-第一章-ME概念42边语义映射-20260715.html",1,47,"47"
E,E-03,AD11,"docs/synova/research/权威文档11-管理经济学权威规范-20260714/SYNOVA-RESEARCH-第一章-ME概念42边语义映射-20260715.html",1,47,"47"
E,E-30,AD11,"docs/synova/research/权威文档11-管理经济学权威规范-20260714/SYNOVA-RESEARCH-第三章-ME哨兵规范-20260715.html",1,33,"33"
E,E-33,AD11,"docs/synova/research/权威文档11-管理经济学权威规范-20260714/SYNOVA-RESEARCH-第三章-ME哨兵规范-20260715.html",1,33,"33"
E,E-31,AD11,"docs/synova/research/权威文档11-管理经济学权威规范-20260714/SYNOVA-RESEARCH-第三章-ME哨兵规范-20260715.html",1,33,"33"
sentinelKebab,sentinel-breakeven,AD11,"docs/synova/research/权威文档11-管理经济学权威规范-20260714/SYNOVA-RESEARCH-第三章-ME哨兵规范-20260715.html",1,15,"15"
sentinelKebab,sentinel-operating-leverage,AD11,"docs/synova/research/权威文档11-管理经济学权威规范-20260714/SYNOVA-RESEARCH-第三章-ME哨兵规范-20260715.html",1,16,"16"
sentinelKebab,sentinel-npv-negative,AD11,"docs/synova/research/权威文档11-管理经济学权威规范-20260714/SYNOVA-RESEARCH-第三章-ME哨兵规范-20260715.html",1,17,"17"
sentinelKebab,sentinel-margin-trend,AD11,"docs/synova/research/权威文档11-管理经济学权威规范-20260714/SYNOVA-RESEARCH-第三章-ME哨兵规范-20260715.html",1,18,"18"
sentinelKebab,sentinel-hhi-concentration,AD11,"docs/synova/research/权威文档11-管理经济学权威规范-20260714/SYNOVA-RESEARCH-第三章-ME哨兵规范-20260715.html",1,19,"19"
sentinelKebab,sentinel-learning-curve,AD11,"docs/synova/research/权威文档11-管理经济学权威规范-20260714/SYNOVA-RESEARCH-第三章-ME哨兵规范-20260715.html",1,20,"20"
sentinelKebab,sentinel-agency-cost,AD11,"docs/synova/research/权威文档11-管理经济学权威规范-20260714/SYNOVA-RESEARCH-第三章-ME哨兵规范-20260715.html",1,21,"21"
computeCamel,computeEconomicLeverage,AD11,"docs/synova/research/权威文档11-管理经济学权威规范-20260714/SYNOVA-RESEARCH-第三章-ME哨兵规范-20260715.html",1,10,"10"
computeCamel,computeBreakEven,AD11,"docs/synova/research/权威文档11-管理经济学权威规范-20260714/SYNOVA-RESEARCH-第三章-ME哨兵规范-20260715.html",1,15,"15"
computeCamel,computeDOL,AD11,"docs/synova/research/权威文档11-管理经济学权威规范-20260714/SYNOVA-RESEARCH-第三章-ME哨兵规范-20260715.html",1,16,"16"
computeCamel,computeNPV,AD11,"docs/synova/research/权威文档11-管理经济学权威规范-20260714/SYNOVA-RESEARCH-第三章-ME哨兵规范-20260715.html",1,17,"17"
computeCamel,computeMarginalCost,AD11,"docs/synova/research/权威文档11-管理经济学权威规范-20260714/SYNOVA-RESEARCH-第三章-ME哨兵规范-20260715.html",1,18,"18"
computeCamel,computeHHI,AD11,"docs/synova/research/权威文档11-管理经济学权威规范-20260714/SYNOVA-RESEARCH-第三章-ME哨兵规范-20260715.html",1,19,"19"
computeCamel,computeLearningCurve,AD11,"docs/synova/research/权威文档11-管理经济学权威规范-20260714/SYNOVA-RESEARCH-第三章-ME哨兵规范-20260715.html",1,20,"20"
computeCamel,computeAgencyCost,AD11,"docs/synova/research/权威文档11-管理经济学权威规范-20260714/SYNOVA-RESEARCH-第三章-ME哨兵规范-20260715.html",1,21,"21"
computeCamel,computeTwoPartTariff,AD11,"docs/synova/research/权威文档11-管理经济学权威规范-20260714/SYNOVA-RESEARCH-第三章-ME哨兵规范-20260715.html",1,31,"31"
computeCamel,computePriceDiscrimination,AD11,"docs/synova/research/权威文档11-管理经济学权威规范-20260714/SYNOVA-RESEARCH-第三章-ME哨兵规范-20260715.html",1,31,"31"
computeCamel,computePriceElasticity,AD11,"docs/synova/research/权威文档11-管理经济学权威规范-20260714/SYNOVA-RESEARCH-第三章-ME哨兵规范-20260715.html",1,31,"31"
computeCamel,computeDemandForecast,AD11,"docs/synova/research/权威文档11-管理经济学权威规范-20260714/SYNOVA-RESEARCH-第三章-ME哨兵规范-20260715.html",1,42,"42"
computeCamel,computeTimeSeriesDecomposition,AD11,"docs/synova/research/权威文档11-管理经济学权威规范-20260714/SYNOVA-RESEARCH-第三章-ME哨兵规范-20260715.html",1,42,"42"
computeCamel,computeConfidenceInterval,AD11,"docs/synova/research/权威文档11-管理经济学权威规范-20260714/SYNOVA-RESEARCH-第三章-ME哨兵规范-20260715.html",1,42,"42"
computeCamel,computeBreakEven,AD11,"docs/synova/research/权威文档11-管理经济学权威规范-20260714/SYNOVA-RESEARCH-第二章-ME-compute完整契约-20260715.html",2,10,"10,17"
computeCamel,computePriceElasticity,AD11,"docs/synova/research/权威文档11-管理经济学权威规范-20260714/SYNOVA-RESEARCH-第二章-ME-compute完整契约-20260715.html",2,12,"12,72"
computeCamel,computeDOL,AD11,"docs/synova/research/权威文档11-管理经济学权威规范-20260714/SYNOVA-RESEARCH-第二章-ME-compute完整契约-20260715.html",1,28,"28"
computeCamel,computeNPV,AD11,"docs/synova/research/权威文档11-管理经济学权威规范-20260714/SYNOVA-RESEARCH-第二章-ME-compute完整契约-20260715.html",1,36,"36"
computeCamel,computeMarginalCost,AD11,"docs/synova/research/权威文档11-管理经济学权威规范-20260714/SYNOVA-RESEARCH-第二章-ME-compute完整契约-20260715.html",1,37,"37"
computeCamel,computeHHI,AD11,"docs/synova/research/权威文档11-管理经济学权威规范-20260714/SYNOVA-RESEARCH-第二章-ME-compute完整契约-20260715.html",1,37,"37"
computeCamel,computeLearningCurve,AD11,"docs/synova/research/权威文档11-管理经济学权威规范-20260714/SYNOVA-RESEARCH-第二章-ME-compute完整契约-20260715.html",1,37,"37"
computeCamel,computeAgencyCost,AD11,"docs/synova/research/权威文档11-管理经济学权威规范-20260714/SYNOVA-RESEARCH-第二章-ME-compute完整契约-20260715.html",1,37,"37"
computeCamel,computeTwoPartTariff,AD11,"docs/synova/research/权威文档11-管理经济学权威规范-20260714/SYNOVA-RESEARCH-第二章-ME-compute完整契约-20260715.html",2,41,"41,68"
computeCamel,computePriceDiscrimination,AD11,"docs/synova/research/权威文档11-管理经济学权威规范-20260714/SYNOVA-RESEARCH-第二章-ME-compute完整契约-20260715.html",2,53,"53,68"
computeCamel,computeConfidenceInterval,AD11,"docs/synova/research/权威文档11-管理经济学权威规范-20260714/SYNOVA-RESEARCH-第二章-ME-compute完整契约-20260715.html",1,64,"64"
computeCamel,computeStatisticalSignificance,AD11,"docs/synova/research/权威文档11-管理经济学权威规范-20260714/SYNOVA-RESEARCH-第二章-ME-compute完整契约-20260715.html",1,64,"64"
computeCamel,computeTimeSeriesDecomposition,AD11,"docs/synova/research/权威文档11-管理经济学权威规范-20260714/SYNOVA-RESEARCH-第二章-ME-compute完整契约-20260715.html",1,64,"64"
computeCamel,computeBundlingOptimal,AD11,"docs/synova/research/权威文档11-管理经济学权威规范-20260714/SYNOVA-RESEARCH-第二章-ME-compute完整契约-20260715.html",1,68,"68"
computeCamel,computePeakLoadPricing,AD11,"docs/synova/research/权威文档11-管理经济学权威规范-20260714/SYNOVA-RESEARCH-第二章-ME-compute完整契约-20260715.html",1,68,"68"
computeCamel,computeMarketStructureDiagnosis,AD11,"docs/synova/research/权威文档11-管理经济学权威规范-20260714/SYNOVA-RESEARCH-第二章-ME-compute完整契约-20260715.html",1,68,"68"
computeCamel,computeSurvivalMargin,AD11,"docs/synova/research/权威文档11-管理经济学权威规范-20260714/SYNOVA-RESEARCH-第二章-ME-compute完整契约-20260715.html",1,68,"68"
computeCamel,computeDemandForecast,AD11,"docs/synova/research/权威文档11-管理经济学权威规范-20260714/SYNOVA-RESEARCH-第二章-ME-compute完整契约-20260715.html",1,68,"68"
computeCamel,computeLernerIndex,AD11,"docs/synova/research/权威文档11-管理经济学权威规范-20260714/SYNOVA-RESEARCH-第二章-ME-compute完整契约-20260715.html",1,68,"68"
computeCamel,computeSynergy,AD11,"docs/synova/research/权威文档11-管理经济学权威规范-20260714/SYNOVA-RESEARCH-第二章-ME-compute完整契约-20260715.html",1,68,"68"
computeCamel,computeDisposalValue,AD11,"docs/synova/research/权威文档11-管理经济学权威规范-20260714/SYNOVA-RESEARCH-第二章-ME-compute完整契约-20260715.html",1,68,"68"
computeCamel,computeIRR,AD11,"docs/synova/research/权威文档11-管理经济学权威规范-20260714/SYNOVA-RESEARCH-第二章-ME-compute完整契约-20260715.html",1,68,"68"
computeCamel,computeOptimalPrice,AD11,"docs/synova/research/权威文档11-管理经济学权威规范-20260714/SYNOVA-RESEARCH-第二章-ME-compute完整契约-20260715.html",1,68,"68"
E,E-13,AD11,"docs/synova/research/权威文档11-管理经济学权威规范-20260714/SYNOVA-RESEARCH-第五章-信息差审计矩阵-20260715.html",5,10,"10,11,12,30,31"
E,E-23,AD11,"docs/synova/research/权威文档11-管理经济学权威规范-20260714/SYNOVA-RESEARCH-第五章-信息差审计矩阵-20260715.html",5,10,"10,11,13,15,21"
E,E-30,AD11,"docs/synova/research/权威文档11-管理经济学权威规范-20260714/SYNOVA-RESEARCH-第五章-信息差审计矩阵-20260715.html",12,10,"10,17,18,21,22,23"
E,E-37,AD11,"docs/synova/research/权威文档11-管理经济学权威规范-20260714/SYNOVA-RESEARCH-第五章-信息差审计矩阵-20260715.html",2,12,"12,31"
E,E-33,AD11,"docs/synova/research/权威文档11-管理经济学权威规范-20260714/SYNOVA-RESEARCH-第五章-信息差审计矩阵-20260715.html",4,14,"14,25,34,35"
E,E-19,AD11,"docs/synova/research/权威文档11-管理经济学权威规范-20260714/SYNOVA-RESEARCH-第五章-信息差审计矩阵-20260715.html",1,15,"15"
E,E-16,AD11,"docs/synova/research/权威文档11-管理经济学权威规范-20260714/SYNOVA-RESEARCH-第五章-信息差审计矩阵-20260715.html",1,16,"16"
E,E-17,AD11,"docs/synova/research/权威文档11-管理经济学权威规范-20260714/SYNOVA-RESEARCH-第五章-信息差审计矩阵-20260715.html",1,16,"16"
E,E-31,AD11,"docs/synova/research/权威文档11-管理经济学权威规范-20260714/SYNOVA-RESEARCH-第五章-信息差审计矩阵-20260715.html",3,23,"23,26,27"
E,E-05,AD11,"docs/synova/research/权威文档11-管理经济学权威规范-20260714/SYNOVA-RESEARCH-第五章-信息差审计矩阵-20260715.html",1,26,"26"
E,E-15,AD11,"docs/synova/research/权威文档11-管理经济学权威规范-20260714/SYNOVA-RESEARCH-第五章-信息差审计矩阵-20260715.html",1,26,"26"
E,E-18,AD11,"docs/synova/research/权威文档11-管理经济学权威规范-20260714/SYNOVA-RESEARCH-第五章-信息差审计矩阵-20260715.html",1,26,"26"
E,E-28,AD11,"docs/synova/research/权威文档11-管理经济学权威规范-20260714/SYNOVA-RESEARCH-第五章-信息差审计矩阵-20260715.html",1,29,"29"
computeCamel,computeBreakEven,AD11,"docs/synova/research/权威文档11-管理经济学权威规范-20260714/SYNOVA-RESEARCH-第五章-信息差审计矩阵-20260715.html",1,10,"10"
computeCamel,computeDOL,AD11,"docs/synova/research/权威文档11-管理经济学权威规范-20260714/SYNOVA-RESEARCH-第五章-信息差审计矩阵-20260715.html",1,11,"11"
computeCamel,computeNPV,AD11,"docs/synova/research/权威文档11-管理经济学权威规范-20260714/SYNOVA-RESEARCH-第五章-信息差审计矩阵-20260715.html",1,12,"12"
computeCamel,computeMarginalCost,AD11,"docs/synova/research/权威文档11-管理经济学权威规范-20260714/SYNOVA-RESEARCH-第五章-信息差审计矩阵-20260715.html",1,13,"13"
computeCamel,computeHHI,AD11,"docs/synova/research/权威文档11-管理经济学权威规范-20260714/SYNOVA-RESEARCH-第五章-信息差审计矩阵-20260715.html",1,14,"14"
computeCamel,computeLearningCurve,AD11,"docs/synova/research/权威文档11-管理经济学权威规范-20260714/SYNOVA-RESEARCH-第五章-信息差审计矩阵-20260715.html",1,15,"15"
computeCamel,computeAgencyCost,AD11,"docs/synova/research/权威文档11-管理经济学权威规范-20260714/SYNOVA-RESEARCH-第五章-信息差审计矩阵-20260715.html",1,16,"16"
computeCamel,computePriceElasticity,AD11,"docs/synova/research/权威文档11-管理经济学权威规范-20260714/SYNOVA-RESEARCH-第五章-信息差审计矩阵-20260715.html",1,22,"22"
E,E-30,AD11,"docs/synova/research/权威文档11-管理经济学权威规范-20260714/SYNOVA-RESEARCH-第六章-路线图与因果验证-20260715.html",1,21,"21"
E,E-31,AD11,"docs/synova/research/权威文档11-管理经济学权威规范-20260714/SYNOVA-RESEARCH-第六章-路线图与因果验证-20260715.html",1,21,"21"
E,E-33,AD11,"docs/synova/research/权威文档11-管理经济学权威规范-20260714/SYNOVA-RESEARCH-第六章-路线图与因果验证-20260715.html",1,21,"21"
E,E-42,AD11,"docs/synova/research/权威文档11-管理经济学权威规范-20260714/SYNOVA-RESEARCH-第六章-路线图与因果验证-20260715.html",1,30,"30"
E,E-13,AD11,"docs/synova/research/权威文档11-管理经济学权威规范-20260714/SYNOVA-RESEARCH-第六章-路线图与因果验证-20260715.html",1,30,"30"
E,E-05,AD11,"docs/synova/research/权威文档11-管理经济学权威规范-20260714/SYNOVA-RESEARCH-第六章-路线图与因果验证-20260715.html",1,30,"30"
computeCamel,computePriceElasticity,AD11,"docs/synova/research/权威文档11-管理经济学权威规范-20260714/SYNOVA-RESEARCH-第六章-路线图与因果验证-20260715.html",1,22,"22"
E,E-1,AD12,"docs/synova/research/权威文档12-Skill-Tool体系研究-20260714/SYNOVA-RESEARCH-Skill-Tool体系研究-研究方案-v2-0-20260716.md",4,144,"144,339"
E,E-2,AD12,"docs/synova/research/权威文档12-Skill-Tool体系研究-20260714/SYNOVA-RESEARCH-Skill-Tool体系研究-研究方案-v2-0-20260716.md",2,144,"144,339"
E,E-5,AD12,"docs/synova/research/权威文档12-Skill-Tool体系研究-20260714/SYNOVA-RESEARCH-Skill-Tool体系研究-研究方案-v2-0-20260716.md",1,339,"339"
E,E-4,AD12,"docs/synova/research/权威文档12-Skill-Tool体系研究-20260714/SYNOVA-RESEARCH-Skill-Tool体系研究-研究方案-v2-0-20260716.md",1,339,"339"
computeKebab,compute-power-rigidity,AD12,"docs/synova/research/权威文档12-Skill-Tool体系研究-20260714/SYNOVA-RESEARCH-Skill-Tool体系研究-研究方案-v2-0-20260716.md",1,23,"23"
computeKebab,compute-break-even,AD12,"docs/synova/research/权威文档12-Skill-Tool体系研究-20260714/SYNOVA-RESEARCH-Skill-Tool体系研究-研究方案-v2-0-20260716.md",4,89,"89,147,179,329"
computeKebab,compute-cash-runway-months,AD12,"docs/synova/research/权威文档12-Skill-Tool体系研究-20260714/SYNOVA-RESEARCH-Skill-Tool体系研究-研究方案-v2-0-20260716.md",1,145,"145"
computeKebab,compute-receivable-overdue-rate,AD12,"docs/synova/research/权威文档12-Skill-Tool体系研究-20260714/SYNOVA-RESEARCH-Skill-Tool体系研究-研究方案-v2-0-20260716.md",1,146,"146"
computeKebab,compute-dol,AD12,"docs/synova/research/权威文档12-Skill-Tool体系研究-20260714/SYNOVA-RESEARCH-Skill-Tool体系研究-研究方案-v2-0-20260716.md",2,148,"148,329"
computeKebab,compute-capital-allocation,AD12,"docs/synova/research/权威文档12-Skill-Tool体系研究-20260714/SYNOVA-RESEARCH-Skill-Tool体系研究-研究方案-v2-0-20260716.md",2,148,"148,330"
sentinelKebab,sentinel-config,AD12,"docs/synova/research/权威文档12-Skill-Tool体系研究-20260714/SYNOVA-RESEARCH-Skill-Tool体系研究-研究方案-v2-0-20260716.md",2,182,"182,214"
sentinelKebab,sentinel-breakeven,AD12,"docs/synova/research/权威文档12-Skill-Tool体系研究-20260714/SYNOVA-RESEARCH-Skill-Tool体系研究-研究方案-v2-0-20260716.md",1,341,"341"
sentinelKebab,sentinel-operating-leverage,AD12,"docs/synova/research/权威文档12-Skill-Tool体系研究-20260714/SYNOVA-RESEARCH-Skill-Tool体系研究-研究方案-v2-0-20260716.md",1,342,"342"
sentinelKebab,sentinel-survival-margin,AD12,"docs/synova/research/权威文档12-Skill-Tool体系研究-20260714/SYNOVA-RESEARCH-Skill-Tool体系研究-研究方案-v2-0-20260716.md",3,342,"342,459,548"
sentinelKebab,sentinel-loader,AD12,"docs/synova/research/权威文档12-Skill-Tool体系研究-20260714/SYNOVA-RESEARCH-Skill-Tool体系研究-研究方案-v2-0-20260716.md",1,377,"377"
E,E-23,AD12,"docs/synova/research/权威文档12-Skill-Tool体系研究-20260714/SYNOVA-RESEARCH-深度分析-跨专家Skill差异化产出机制-v1-0-20260716.md",1,49,"49"
E,E-13,AD12,"docs/synova/research/权威文档12-Skill-Tool体系研究-20260714/SYNOVA-RESEARCH-深度分析-跨专家Skill差异化产出机制-v1-0-20260716.md",1,49,"49"
E,E-34,AD12,"docs/synova/research/权威文档12-Skill-Tool体系研究-20260714/SYNOVA-RESEARCH-深度分析-跨专家Skill差异化产出机制-v1-0-20260716.md",1,49,"49"
E,E-37,AD12,"docs/synova/research/权威文档12-Skill-Tool体系研究-20260714/SYNOVA-RESEARCH-深度分析-跨专家Skill差异化产出机制-v1-0-20260716.md",1,49,"49"
E,E-36,AD12,"docs/synova/research/权威文档12-Skill-Tool体系研究-20260714/SYNOVA-RESEARCH-深度分析-跨专家Skill差异化产出机制-v1-0-20260716.md",1,58,"58"
E,E-30,AD12,"docs/synova/research/权威文档12-Skill-Tool体系研究-20260714/SYNOVA-RESEARCH-深度分析-跨专家Skill差异化产出机制-v1-0-20260716.md",1,58,"58"
E,E-33,AD12,"docs/synova/research/权威文档12-Skill-Tool体系研究-20260714/SYNOVA-RESEARCH-深度分析-跨专家Skill差异化产出机制-v1-0-20260716.md",1,58,"58"
E,E-32,AD12,"docs/synova/research/权威文档12-Skill-Tool体系研究-20260714/SYNOVA-RESEARCH-深度分析-跨专家Skill差异化产出机制-v1-0-20260716.md",1,58,"58"
sentinelKebab,sentinel-config-management,AD12,"docs/synova/research/权威文档12-Skill-Tool体系研究-20260714/SYNOVA-RESEARCH-第一章-Skill需求矩阵与七层分类-v1-0-20260716.md",3,70,"70,602,857"
computeCamel,computeModule,AD12,"docs/synova/research/权威文档12-Skill-Tool体系研究-20260714/SYNOVA-RESEARCH-第一章-Skill需求矩阵与七层分类-v1-0-20260716.md",1,923,"923"
E,E-05,AD12,"docs/synova/research/权威文档12-Skill-Tool体系研究-20260714/SYNOVA-RESEARCH-第三章-Skill工程规范-Playbook-本地自适应-v1-0-20260716.md",2,90,"90,134"
E,E-13,AD12,"docs/synova/research/权威文档12-Skill-Tool体系研究-20260714/SYNOVA-RESEARCH-第三章-Skill工程规范-Playbook-本地自适应-v1-0-20260716.md",2,90,"90,134"
E,E-37,AD12,"docs/synova/research/权威文档12-Skill-Tool体系研究-20260714/SYNOVA-RESEARCH-第三章-Skill工程规范-Playbook-本地自适应-v1-0-20260716.md",2,90,"90,134"
E,E-23,AD12,"docs/synova/research/权威文档12-Skill-Tool体系研究-20260714/SYNOVA-RESEARCH-第三章-Skill工程规范-Playbook-本地自适应-v1-0-20260716.md",3,261,"261,282,293"
E,E-30,AD12,"docs/synova/research/权威文档12-Skill-Tool体系研究-20260714/SYNOVA-RESEARCH-第三章-Skill工程规范-Playbook-本地自适应-v1-0-20260716.md",1,261,"261"
E,E-31,AD12,"docs/synova/research/权威文档12-Skill-Tool体系研究-20260714/SYNOVA-RESEARCH-第三章-Skill工程规范-Playbook-本地自适应-v1-0-20260716.md",1,261,"261"
E,E-34,AD12,"docs/synova/research/权威文档12-Skill-Tool体系研究-20260714/SYNOVA-RESEARCH-第三章-Skill工程规范-Playbook-本地自适应-v1-0-20260716.md",2,261,"261,293"
computeKebab,compute-dol,AD12,"docs/synova/research/权威文档12-Skill-Tool体系研究-20260714/SYNOVA-RESEARCH-第三章-Skill工程规范-Playbook-本地自适应-v1-0-20260716.md",1,290,"290"
sentinelKebab,sentinel-loader,AD12,"docs/synova/research/权威文档12-Skill-Tool体系研究-20260714/SYNOVA-RESEARCH-第三章-Skill工程规范-Playbook-本地自适应-v1-0-20260716.md",1,179,"179"
computeCamel,computeDOL,AD12,"docs/synova/research/权威文档12-Skill-Tool体系研究-20260714/SYNOVA-RESEARCH-第三章-Skill工程规范-Playbook-本地自适应-v1-0-20260716.md",4,89,"89,133,262,292"
computeCamel,computeBreakEven,AD12,"docs/synova/research/权威文档12-Skill-Tool体系研究-20260714/SYNOVA-RESEARCH-第三章-Skill工程规范-Playbook-本地自适应-v1-0-20260716.md",2,133,"133,262"
computeCamel,computeFixedCostRigidity,AD12,"docs/synova/research/权威文档12-Skill-Tool体系研究-20260714/SYNOVA-RESEARCH-第三章-Skill工程规范-Playbook-本地自适应-v1-0-20260716.md",1,262,"262"
E,E-1,AD12,"docs/synova/research/权威文档12-Skill-Tool体系研究-20260714/SYNOVA-RESEARCH-第五章-Tool原子清单与权限模型-v1-0-20260716.md",10,53,"53,54,55,56,57,58"
E,E-2,AD12,"docs/synova/research/权威文档12-Skill-Tool体系研究-20260714/SYNOVA-RESEARCH-第五章-Tool原子清单与权限模型-v1-0-20260716.md",6,53,"53,76,77,78,79,80"
E,E-3,AD12,"docs/synova/research/权威文档12-Skill-Tool体系研究-20260714/SYNOVA-RESEARCH-第五章-Tool原子清单与权限模型-v1-0-20260716.md",6,53,"53,54,56,59,90,91"
E,E-4,AD12,"docs/synova/research/权威文档12-Skill-Tool体系研究-20260714/SYNOVA-RESEARCH-第五章-Tool原子清单与权限模型-v1-0-20260716.md",10,53,"53,66,67,68,69,70"
E,E-5,AD12,"docs/synova/research/权威文档12-Skill-Tool体系研究-20260714/SYNOVA-RESEARCH-第五章-Tool原子清单与权限模型-v1-0-20260716.md",5,55,"55,58,60,70,91"
computeKebab,compute-break-even,AD12,"docs/synova/research/权威文档12-Skill-Tool体系研究-20260714/SYNOVA-RESEARCH-第五章-Tool原子清单与权限模型-v1-0-20260716.md",1,53,"53"
computeKebab,compute-dol,AD12,"docs/synova/research/权威文档12-Skill-Tool体系研究-20260714/SYNOVA-RESEARCH-第五章-Tool原子清单与权限模型-v1-0-20260716.md",1,54,"54"
computeKebab,compute-capital-allocation,AD12,"docs/synova/research/权威文档12-Skill-Tool体系研究-20260714/SYNOVA-RESEARCH-第五章-Tool原子清单与权限模型-v1-0-20260716.md",1,55,"55"
computeKebab,compute-cost-structure,AD12,"docs/synova/research/权威文档12-Skill-Tool体系研究-20260714/SYNOVA-RESEARCH-第五章-Tool原子清单与权限模型-v1-0-20260716.md",1,56,"56"
computeKebab,compute-margin-trend,AD12,"docs/synova/research/权威文档12-Skill-Tool体系研究-20260714/SYNOVA-RESEARCH-第五章-Tool原子清单与权限模型-v1-0-20260716.md",1,57,"57"
computeKebab,compute-roic-wacc,AD12,"docs/synova/research/权威文档12-Skill-Tool体系研究-20260714/SYNOVA-RESEARCH-第五章-Tool原子清单与权限模型-v1-0-20260716.md",1,58,"58"
computeKebab,compute-cash-runway,AD12,"docs/synova/research/权威文档12-Skill-Tool体系研究-20260714/SYNOVA-RESEARCH-第五章-Tool原子清单与权限模型-v1-0-20260716.md",1,59,"59"
computeKebab,compute-debt-equity,AD12,"docs/synova/research/权威文档12-Skill-Tool体系研究-20260714/SYNOVA-RESEARCH-第五章-Tool原子清单与权限模型-v1-0-20260716.md",1,60,"60"
computeKebab,compute-competitive-positioning,AD12,"docs/synova/research/权威文档12-Skill-Tool体系研究-20260714/SYNOVA-RESEARCH-第五章-Tool原子清单与权限模型-v1-0-20260716.md",1,66,"66"
computeKebab,compute-hhi,AD12,"docs/synova/research/权威文档12-Skill-Tool体系研究-20260714/SYNOVA-RESEARCH-第五章-Tool原子清单与权限模型-v1-0-20260716.md",1,67,"67"
computeKebab,compute-market-share,AD12,"docs/synova/research/权威文档12-Skill-Tool体系研究-20260714/SYNOVA-RESEARCH-第五章-Tool原子清单与权限模型-v1-0-20260716.md",1,68,"68"
computeKebab,compute-niche-breadth,AD12,"docs/synova/research/权威文档12-Skill-Tool体系研究-20260714/SYNOVA-RESEARCH-第五章-Tool原子清单与权限模型-v1-0-20260716.md",1,69,"69"
computeKebab,compute-opportunity-window,AD12,"docs/synova/research/权威文档12-Skill-Tool体系研究-20260714/SYNOVA-RESEARCH-第五章-Tool原子清单与权限模型-v1-0-20260716.md",1,70,"70"
computeKebab,compute-customer-ltv,AD12,"docs/synova/research/权威文档12-Skill-Tool体系研究-20260714/SYNOVA-RESEARCH-第五章-Tool原子清单与权限模型-v1-0-20260716.md",1,76,"76"
computeKebab,compute-churn-rate,AD12,"docs/synova/research/权威文档12-Skill-Tool体系研究-20260714/SYNOVA-RESEARCH-第五章-Tool原子清单与权限模型-v1-0-20260716.md",1,77,"77"
computeKebab,compute-customer-concentration,AD12,"docs/synova/research/权威文档12-Skill-Tool体系研究-20260714/SYNOVA-RESEARCH-第五章-Tool原子清单与权限模型-v1-0-20260716.md",1,78,"78"
computeKebab,compute-price-elasticity,AD12,"docs/synova/research/权威文档12-Skill-Tool体系研究-20260714/SYNOVA-RESEARCH-第五章-Tool原子清单与权限模型-v1-0-20260716.md",1,79,"79"
computeKebab,compute-revenue-health,AD12,"docs/synova/research/权威文档12-Skill-Tool体系研究-20260714/SYNOVA-RESEARCH-第五章-Tool原子清单与权限模型-v1-0-20260716.md",1,80,"80"
computeKebab,compute-talent-density,AD12,"docs/synova/research/权威文档12-Skill-Tool体系研究-20260714/SYNOVA-RESEARCH-第五章-Tool原子清单与权限模型-v1-0-20260716.md",1,86,"86"
computeKebab,compute-key-person-risk,AD12,"docs/synova/research/权威文档12-Skill-Tool体系研究-20260714/SYNOVA-RESEARCH-第五章-Tool原子清单与权限模型-v1-0-20260716.md",1,87,"87"
computeKebab,compute-incentive-alignment,AD12,"docs/synova/research/权威文档12-Skill-Tool体系研究-20260714/SYNOVA-RESEARCH-第五章-Tool原子清单与权限模型-v1-0-20260716.md",1,88,"88"
computeKebab,compute-info-distortion,AD12,"docs/synova/research/权威文档12-Skill-Tool体系研究-20260714/SYNOVA-RESEARCH-第五章-Tool原子清单与权限模型-v1-0-20260716.md",1,89,"89"
computeKebab,compute-process-ai-readiness,AD12,"docs/synova/research/权威文档12-Skill-Tool体系研究-20260714/SYNOVA-RESEARCH-第五章-Tool原子清单与权限模型-v1-0-20260716.md",1,90,"90"
computeKebab,compute-deviation-score,AD12,"docs/synova/research/权威文档12-Skill-Tool体系研究-20260714/SYNOVA-RESEARCH-第五章-Tool原子清单与权限模型-v1-0-20260716.md",1,91,"91"
computeKebab,compute-learning-curve,AD12,"docs/synova/research/权威文档12-Skill-Tool体系研究-20260714/SYNOVA-RESEARCH-第五章-Tool原子清单与权限模型-v1-0-20260716.md",1,92,"92"
computeCamel,computeBreakEven,AD12,"docs/synova/research/权威文档12-Skill-Tool体系研究-20260714/SYNOVA-RESEARCH-第五章-Tool原子清单与权限模型-v1-0-20260716.md",1,53,"53"
computeCamel,computeDOL,AD12,"docs/synova/research/权威文档12-Skill-Tool体系研究-20260714/SYNOVA-RESEARCH-第五章-Tool原子清单与权限模型-v1-0-20260716.md",1,54,"54"
computeCamel,computeCapitalAllocation,AD12,"docs/synova/research/权威文档12-Skill-Tool体系研究-20260714/SYNOVA-RESEARCH-第五章-Tool原子清单与权限模型-v1-0-20260716.md",1,55,"55"
computeCamel,computeCostStructure,AD12,"docs/synova/research/权威文档12-Skill-Tool体系研究-20260714/SYNOVA-RESEARCH-第五章-Tool原子清单与权限模型-v1-0-20260716.md",1,56,"56"
computeCamel,computeMarginTrend,AD12,"docs/synova/research/权威文档12-Skill-Tool体系研究-20260714/SYNOVA-RESEARCH-第五章-Tool原子清单与权限模型-v1-0-20260716.md",1,57,"57"
computeCamel,computeRoicWaccSpread,AD12,"docs/synova/research/权威文档12-Skill-Tool体系研究-20260714/SYNOVA-RESEARCH-第五章-Tool原子清单与权限模型-v1-0-20260716.md",1,58,"58"
computeCamel,computeCashRunwayMonths,AD12,"docs/synova/research/权威文档12-Skill-Tool体系研究-20260714/SYNOVA-RESEARCH-第五章-Tool原子清单与权限模型-v1-0-20260716.md",1,59,"59"
computeCamel,computeDebtEquityRatio,AD12,"docs/synova/research/权威文档12-Skill-Tool体系研究-20260714/SYNOVA-RESEARCH-第五章-Tool原子清单与权限模型-v1-0-20260716.md",1,60,"60"
computeCamel,computeCompetitivePositioning,AD12,"docs/synova/research/权威文档12-Skill-Tool体系研究-20260714/SYNOVA-RESEARCH-第五章-Tool原子清单与权限模型-v1-0-20260716.md",1,66,"66"
computeCamel,computeHHI,AD12,"docs/synova/research/权威文档12-Skill-Tool体系研究-20260714/SYNOVA-RESEARCH-第五章-Tool原子清单与权限模型-v1-0-20260716.md",1,67,"67"
computeCamel,computeMarketShare,AD12,"docs/synova/research/权威文档12-Skill-Tool体系研究-20260714/SYNOVA-RESEARCH-第五章-Tool原子清单与权限模型-v1-0-20260716.md",1,68,"68"
computeCamel,computeNicheBreadth,AD12,"docs/synova/research/权威文档12-Skill-Tool体系研究-20260714/SYNOVA-RESEARCH-第五章-Tool原子清单与权限模型-v1-0-20260716.md",1,69,"69"
computeCamel,computeOpportunityWindowScore,AD12,"docs/synova/research/权威文档12-Skill-Tool体系研究-20260714/SYNOVA-RESEARCH-第五章-Tool原子清单与权限模型-v1-0-20260716.md",1,70,"70"
computeCamel,computeCustomerLTV,AD12,"docs/synova/research/权威文档12-Skill-Tool体系研究-20260714/SYNOVA-RESEARCH-第五章-Tool原子清单与权限模型-v1-0-20260716.md",1,76,"76"
computeCamel,computeChurnRate,AD12,"docs/synova/research/权威文档12-Skill-Tool体系研究-20260714/SYNOVA-RESEARCH-第五章-Tool原子清单与权限模型-v1-0-20260716.md",1,77,"77"
computeCamel,computeCustomerConcentration,AD12,"docs/synova/research/权威文档12-Skill-Tool体系研究-20260714/SYNOVA-RESEARCH-第五章-Tool原子清单与权限模型-v1-0-20260716.md",1,78,"78"
computeCamel,computePriceElasticity,AD12,"docs/synova/research/权威文档12-Skill-Tool体系研究-20260714/SYNOVA-RESEARCH-第五章-Tool原子清单与权限模型-v1-0-20260716.md",1,79,"79"
computeCamel,computeRevenueHealth,AD12,"docs/synova/research/权威文档12-Skill-Tool体系研究-20260714/SYNOVA-RESEARCH-第五章-Tool原子清单与权限模型-v1-0-20260716.md",1,80,"80"
computeCamel,computeTalentDensity,AD12,"docs/synova/research/权威文档12-Skill-Tool体系研究-20260714/SYNOVA-RESEARCH-第五章-Tool原子清单与权限模型-v1-0-20260716.md",1,86,"86"
computeCamel,computeKeyPersonRisk,AD12,"docs/synova/research/权威文档12-Skill-Tool体系研究-20260714/SYNOVA-RESEARCH-第五章-Tool原子清单与权限模型-v1-0-20260716.md",1,87,"87"
computeCamel,computeIncentiveAlignment,AD12,"docs/synova/research/权威文档12-Skill-Tool体系研究-20260714/SYNOVA-RESEARCH-第五章-Tool原子清单与权限模型-v1-0-20260716.md",1,88,"88"
computeCamel,computeInfoDistortion,AD12,"docs/synova/research/权威文档12-Skill-Tool体系研究-20260714/SYNOVA-RESEARCH-第五章-Tool原子清单与权限模型-v1-0-20260716.md",1,89,"89"
computeCamel,computeProcessAIReadiness,AD12,"docs/synova/research/权威文档12-Skill-Tool体系研究-20260714/SYNOVA-RESEARCH-第五章-Tool原子清单与权限模型-v1-0-20260716.md",1,90,"90"
computeCamel,computeDeviationScore,AD12,"docs/synova/research/权威文档12-Skill-Tool体系研究-20260714/SYNOVA-RESEARCH-第五章-Tool原子清单与权限模型-v1-0-20260716.md",1,91,"91"
computeCamel,computeLearningCurve,AD12,"docs/synova/research/权威文档12-Skill-Tool体系研究-20260714/SYNOVA-RESEARCH-第五章-Tool原子清单与权限模型-v1-0-20260716.md",1,92,"92"
E,E-1,AD12,"docs/synova/research/权威文档12-Skill-Tool体系研究-20260714/SYNOVA-RESEARCH-第四章-出厂内置Skill清单-v1-0-20260716.md",6,15,"15,25,26,27,28"
E,E-5,AD12,"docs/synova/research/权威文档12-Skill-Tool体系研究-20260714/SYNOVA-RESEARCH-第四章-出厂内置Skill清单-v1-0-20260716.md",6,15,"15,27,29,105,111"
E,E-2,AD12,"docs/synova/research/权威文档12-Skill-Tool体系研究-20260714/SYNOVA-RESEARCH-第四章-出厂内置Skill清单-v1-0-20260716.md",6,16,"16,25,30,31,104,106"
E,E-4,AD12,"docs/synova/research/权威文档12-Skill-Tool体系研究-20260714/SYNOVA-RESEARCH-第四章-出厂内置Skill清单-v1-0-20260716.md",10,17,"17,25,29,31,103,107"
E,E-3,AD12,"docs/synova/research/权威文档12-Skill-Tool体系研究-20260714/SYNOVA-RESEARCH-第四章-出厂内置Skill清单-v1-0-20260716.md",6,18,"18,25,26,28,109,110"
E,E-05,AD12,"docs/synova/research/权威文档12-Skill-Tool体系研究-20260714/SYNOVA-RESEARCH-第四章-出厂内置Skill清单-v1-0-20260716.md",1,98,"98"
E,E-13,AD12,"docs/synova/research/权威文档12-Skill-Tool体系研究-20260714/SYNOVA-RESEARCH-第四章-出厂内置Skill清单-v1-0-20260716.md",1,98,"98"
E,E-37,AD12,"docs/synova/research/权威文档12-Skill-Tool体系研究-20260714/SYNOVA-RESEARCH-第四章-出厂内置Skill清单-v1-0-20260716.md",1,98,"98"
E,E-23,AD12,"docs/synova/research/权威文档12-Skill-Tool体系研究-20260714/SYNOVA-RESEARCH-第四章-出厂内置Skill清单-v1-0-20260716.md",2,99,"99,100"
E,E-30,AD12,"docs/synova/research/权威文档12-Skill-Tool体系研究-20260714/SYNOVA-RESEARCH-第四章-出厂内置Skill清单-v1-0-20260716.md",2,99,"99,101"
E,E-31,AD12,"docs/synova/research/权威文档12-Skill-Tool体系研究-20260714/SYNOVA-RESEARCH-第四章-出厂内置Skill清单-v1-0-20260716.md",1,99,"99"
E,E-34,AD12,"docs/synova/research/权威文档12-Skill-Tool体系研究-20260714/SYNOVA-RESEARCH-第四章-出厂内置Skill清单-v1-0-20260716.md",1,99,"99"
E,E-36,AD12,"docs/synova/research/权威文档12-Skill-Tool体系研究-20260714/SYNOVA-RESEARCH-第四章-出厂内置Skill清单-v1-0-20260716.md",2,101,"101,102"
E,E-33,AD12,"docs/synova/research/权威文档12-Skill-Tool体系研究-20260714/SYNOVA-RESEARCH-第四章-出厂内置Skill清单-v1-0-20260716.md",1,101,"101"
computeKebab,compute-break-even,AD12,"docs/synova/research/权威文档12-Skill-Tool体系研究-20260714/SYNOVA-RESEARCH-第四章-出厂内置Skill清单-v1-0-20260716.md",2,25,"25,37"
computeKebab,compute-dol,AD12,"docs/synova/research/权威文档12-Skill-Tool体系研究-20260714/SYNOVA-RESEARCH-第四章-出厂内置Skill清单-v1-0-20260716.md",2,26,"26,37"
computeKebab,compute-capital-allocation,AD12,"docs/synova/research/权威文档12-Skill-Tool体系研究-20260714/SYNOVA-RESEARCH-第四章-出厂内置Skill清单-v1-0-20260716.md",2,27,"27,37"
computeKebab,compute-cost-structure,AD12,"docs/synova/research/权威文档12-Skill-Tool体系研究-20260714/SYNOVA-RESEARCH-第四章-出厂内置Skill清单-v1-0-20260716.md",1,28,"28"
computeKebab,compute-competitive-positioning,AD12,"docs/synova/research/权威文档12-Skill-Tool体系研究-20260714/SYNOVA-RESEARCH-第四章-出厂内置Skill清单-v1-0-20260716.md",2,29,"29,39"
computeKebab,compute-hhi,AD12,"docs/synova/research/权威文档12-Skill-Tool体系研究-20260714/SYNOVA-RESEARCH-第四章-出厂内置Skill清单-v1-0-20260716.md",2,29,"29,39"
computeKebab,compute-customer-ltv,AD12,"docs/synova/research/权威文档12-Skill-Tool体系研究-20260714/SYNOVA-RESEARCH-第四章-出厂内置Skill清单-v1-0-20260716.md",1,30,"30"
computeKebab,compute-churn-rate,AD12,"docs/synova/research/权威文档12-Skill-Tool体系研究-20260714/SYNOVA-RESEARCH-第四章-出厂内置Skill清单-v1-0-20260716.md",2,30,"30,40"
computeKebab,compute-price-elasticity,AD12,"docs/synova/research/权威文档12-Skill-Tool体系研究-20260714/SYNOVA-RESEARCH-第四章-出厂内置Skill清单-v1-0-20260716.md",1,31,"31"
computeKebab,compute-margin-trend,AD12,"docs/synova/research/权威文档12-Skill-Tool体系研究-20260714/SYNOVA-RESEARCH-第四章-出厂内置Skill清单-v1-0-20260716.md",1,38,"38"
computeKebab,compute-optimal-price,AD12,"docs/synova/research/权威文档12-Skill-Tool体系研究-20260714/SYNOVA-RESEARCH-第四章-出厂内置Skill清单-v1-0-20260716.md",1,48,"48"
computeKebab,compute-two-part-tariff,AD12,"docs/synova/research/权威文档12-Skill-Tool体系研究-20260714/SYNOVA-RESEARCH-第四章-出厂内置Skill清单-v1-0-20260716.md",1,48,"48"
computeKebab,compute-marginal-contribution,AD12,"docs/synova/research/权威文档12-Skill-Tool体系研究-20260714/SYNOVA-RESEARCH-第四章-出厂内置Skill清单-v1-0-20260716.md",1,49,"49"
computeKebab,compute-market-structure,AD12,"docs/synova/research/权威文档12-Skill-Tool体系研究-20260714/SYNOVA-RESEARCH-第四章-出厂内置Skill清单-v1-0-20260716.md",1,50,"50"
computeKebab,compute-demand-forecast,AD12,"docs/synova/research/权威文档12-Skill-Tool体系研究-20260714/SYNOVA-RESEARCH-第四章-出厂内置Skill清单-v1-0-20260716.md",1,50,"50"
computeKebab,compute-synergy-score,AD12,"docs/synova/research/权威文档12-Skill-Tool体系研究-20260714/SYNOVA-RESEARCH-第四章-出厂内置Skill清单-v1-0-20260716.md",1,51,"51"
computeKebab,compute-deviation,AD12,"docs/synova/research/权威文档12-Skill-Tool体系研究-20260714/SYNOVA-RESEARCH-第四章-出厂内置Skill清单-v1-0-20260716.md",1,59,"59"
sentinelKebab,sentinel-breakeven,AD12,"docs/synova/research/权威文档12-Skill-Tool体系研究-20260714/SYNOVA-RESEARCH-第四章-出厂内置Skill清单-v1-0-20260716.md",2,25,"25,37"
sentinelKebab,sentinel-operating-leverage,AD12,"docs/synova/research/权威文档12-Skill-Tool体系研究-20260714/SYNOVA-RESEARCH-第四章-出厂内置Skill清单-v1-0-20260716.md",2,26,"26,37"
sentinelKebab,sentinel-survival-margin,AD12,"docs/synova/research/权威文档12-Skill-Tool体系研究-20260714/SYNOVA-RESEARCH-第四章-出厂内置Skill清单-v1-0-20260716.md",1,37,"37"
sentinelKebab,sentinel-registry,AD12,"docs/synova/research/权威文档12-Skill-Tool体系研究-20260714/SYNOVA-RESEARCH-第四章-出厂内置Skill清单-v1-0-20260716.md",2,73,"73,74"
sentinelKebab,sentinel-config,AD12,"docs/synova/research/权威文档12-Skill-Tool体系研究-20260714/SYNOVA-RESEARCH-第四章-出厂内置Skill清单-v1-0-20260716.md",1,74,"74"
computeCamel,computeBreakEven,AD12,"docs/synova/research/权威文档12-Skill-Tool体系研究-20260714/SYNOVA-RESEARCH-第四章-出厂内置Skill清单-v1-0-20260716.md",1,122,"122"
computeCamel,computeDOL,AD12,"docs/synova/research/权威文档12-Skill-Tool体系研究-20260714/SYNOVA-RESEARCH-第四章-出厂内置Skill清单-v1-0-20260716.md",1,122,"122"
computeCamel,computeHHI,AD12,"docs/synova/research/权威文档12-Skill-Tool体系研究-20260714/SYNOVA-RESEARCH-第四章-出厂内置Skill清单-v1-0-20260716.md",1,122,"122"
computeCamel,computeChurnRate,AD12,"docs/synova/research/权威文档12-Skill-Tool体系研究-20260714/SYNOVA-RESEARCH-第四章-出厂内置Skill清单-v1-0-20260716.md",1,122,"122"
computeCamel,computeNPV,AD12,"docs/synova/research/权威文档12-Skill-Tool体系研究-20260714/SYNOVA-RESEARCH-第四章-出厂内置Skill清单-v1-0-20260716.md",1,122,"122"
E,E-05,AD12,"docs/synova/research/权威文档12-Skill-Tool体系研究-20260714/SYNOVA-RESEARCH-补充修正-文件驱动架构升级-20260714.md",1,21,"21"
E,E-13,AD12,"docs/synova/research/权威文档12-Skill-Tool体系研究-20260714/SYNOVA-RESEARCH-补充修正-文件驱动架构升级-20260714.md",2,21,"21,26"
E,E-23,AD12,"docs/synova/research/权威文档12-Skill-Tool体系研究-20260714/SYNOVA-RESEARCH-补充修正-文件驱动架构升级-20260714.md",2,21,"21,26"
E,E-30,AD12,"docs/synova/research/权威文档12-Skill-Tool体系研究-20260714/SYNOVA-RESEARCH-补充修正-文件驱动架构升级-20260714.md",1,21,"21"
E,E-31,AD12,"docs/synova/research/权威文档12-Skill-Tool体系研究-20260714/SYNOVA-RESEARCH-补充修正-文件驱动架构升级-20260714.md",1,21,"21"
E,E-34,AD12,"docs/synova/research/权威文档12-Skill-Tool体系研究-20260714/SYNOVA-RESEARCH-补充修正-文件驱动架构升级-20260714.md",2,21,"21,26"
E,E-37,AD12,"docs/synova/research/权威文档12-Skill-Tool体系研究-20260714/SYNOVA-RESEARCH-补充修正-文件驱动架构升级-20260714.md",2,21,"21,26"
computeCamel,computeBreakEven,AD12,"docs/synova/research/权威文档12-Skill-Tool体系研究-20260714/SYNOVA-RESEARCH-补充修正-文件驱动架构升级-20260714.md",1,22,"22"
computeCamel,computeDOL,AD12,"docs/synova/research/权威文档12-Skill-Tool体系研究-20260714/SYNOVA-RESEARCH-补充修正-文件驱动架构升级-20260714.md",1,22,"22"
computeCamel,computeNPV,AD12,"docs/synova/research/权威文档12-Skill-Tool体系研究-20260714/SYNOVA-RESEARCH-补充修正-文件驱动架构升级-20260714.md",1,22,"22"
sentinelKebab,sentinel-loader,AD13,"docs/synova/research/权威文档13-增长导航系统工程规范-20260714/SYNOVA-RESEARCH-第一章-Goal工程规范-v1-0-20260714.md",3,28,"28,508,512"
sentinelKebab,sentinel-manifest-v1,AD13,"docs/synova/research/权威文档13-增长导航系统工程规范-20260714/SYNOVA-RESEARCH-第三章-方案级哨兵系统-v1-0-20260714.md",1,111,"111"
sentinelKebab,sentinel-unit-economics,AD13,"docs/synova/research/权威文档13-增长导航系统工程规范-20260714/SYNOVA-RESEARCH-第三章-方案级哨兵系统-v1-0-20260714.md",1,561,"561"
computeCamel,computeKind,AD13,"docs/synova/research/权威文档13-增长导航系统工程规范-20260714/SYNOVA-RESEARCH-第三章-方案级哨兵系统-v1-0-20260714.md",2,58,"58,125"
E,E-13,AD13,"docs/synova/research/权威文档13-增长导航系统工程规范-20260714/SYNOVA-RESEARCH-第二章-Proposal与三选一确认机制-v1-0-20260714.md",3,422,"422,517,522"
E,E-23,AD13,"docs/synova/research/权威文档13-增长导航系统工程规范-20260714/SYNOVA-RESEARCH-第二章-Proposal与三选一确认机制-v1-0-20260714.md",2,518,"518,522"
E,E-31,AD13,"docs/synova/research/权威文档13-增长导航系统工程规范-20260714/SYNOVA-RESEARCH-第二章-Proposal与三选一确认机制-v1-0-20260714.md",1,519,"519"
sentinelKebab,sentinel-unit-economics,AD13,"docs/synova/research/权威文档13-增长导航系统工程规范-20260714/SYNOVA-RESEARCH-第二章-Proposal与三选一确认机制-v1-0-20260714.md",1,194,"194"
sentinelKebab,sentinel-goal,AD13,"docs/synova/research/权威文档13-增长导航系统工程规范-20260714/SYNOVA-RESEARCH-第五章-与主Agent和Skill-Tool体系集成-v1-0-20260714.md",4,297,"297,588,645,656"
sentinelKebab,sentinel-cash-flow,AD13,"docs/synova/research/权威文档13-增长导航系统工程规范-20260714/SYNOVA-RESEARCH-第五章-与主Agent和Skill-Tool体系集成-v1-0-20260714.md",2,580,"580,655"
sentinelKebab,sentinel-goal-,AD13,"docs/synova/research/权威文档13-增长导航系统工程规范-20260714/SYNOVA-RESEARCH-第五章-与主Agent和Skill-Tool体系集成-v1-0-20260714.md",1,656,"656"
sentinelKebab,sentinel-custom,AD13,"docs/synova/research/权威文档13-增长导航系统工程规范-20260714/SYNOVA-RESEARCH-第五章-与主Agent和Skill-Tool体系集成-v1-0-20260714.md",1,657,"657"
sentinelKebab,sentinel-custom-user-001,AD13,"docs/synova/research/权威文档13-增长导航系统工程规范-20260714/SYNOVA-RESEARCH-第五章-与主Agent和Skill-Tool体系集成-v1-0-20260714.md",1,657,"657"
sentinelKebab,sentinel-service,AD13,"docs/synova/research/权威文档13-增长导航系统工程规范-20260714/SYNOVA-RESEARCH-第五章-与主Agent和Skill-Tool体系集成-v1-0-20260714.md",1,773,"773"
sentinelKebab,sentinel-runner,AD13,"docs/synova/research/权威文档13-增长导航系统工程规范-20260714/SYNOVA-RESEARCH-第五章-与主Agent和Skill-Tool体系集成-v1-0-20260714.md",1,775,"775"
computeCamel,computeContractId,AD13,"docs/synova/research/权威文档13-增长导航系统工程规范-20260714/SYNOVA-RESEARCH-第五章-与主Agent和Skill-Tool体系集成-v1-0-20260714.md",1,613,"613"
computeCamel,computeKind,AD13,"docs/synova/research/权威文档13-增长导航系统工程规范-20260714/SYNOVA-RESEARCH-第五章-与主Agent和Skill-Tool体系集成-v1-0-20260714.md",2,616,"616,774"
computeCamel,computeNextAction,AD13,"docs/synova/research/权威文档13-增长导航系统工程规范-20260714/SYNOVA-RESEARCH-第五章-与主Agent和Skill-Tool体系集成-v1-0-20260714.md",1,786,"786"
computeKebab,compute-variable-cost-ratio,AD13,"docs/synova/research/权威文档13-增长导航系统工程规范-20260714/SYNOVA-RESEARCH-第四章-中层工作台数据模型-v1-0-20260714.md",1,674,"674"
computeKebab,compute-fixed-cost-rigidity,AD13,"docs/synova/research/权威文档13-增长导航系统工程规范-20260714/SYNOVA-RESEARCH-第四章-中层工作台数据模型-v1-0-20260714.md",1,675,"675"
computeKebab,compute-operating-leverage,AD13,"docs/synova/research/权威文档13-增长导航系统工程规范-20260714/SYNOVA-RESEARCH-第四章-中层工作台数据模型-v1-0-20260714.md",1,676,"676"
computeKebab,compute-goal-deviation,AD13,"docs/synova/research/权威文档13-增长导航系统工程规范-20260714/SYNOVA-RESEARCH-第四章-中层工作台数据模型-v1-0-20260714.md",1,677,"677"
computeKebab,compute-trend-slope,AD13,"docs/synova/research/权威文档13-增长导航系统工程规范-20260714/SYNOVA-RESEARCH-第四章-中层工作台数据模型-v1-0-20260714.md",1,678,"678"
computeKebab,compute-baseline-drift,AD13,"docs/synova/research/权威文档13-增长导航系统工程规范-20260714/SYNOVA-RESEARCH-第四章-中层工作台数据模型-v1-0-20260714.md",1,679,"679"
computeKebab,compute-revenue-growth,AD13,"docs/synova/research/权威文档13-增长导航系统工程规范-20260714/SYNOVA-RESEARCH-第四章-中层工作台数据模型-v1-0-20260714.md",1,680,"680"
computeKebab,compute-customer-churn,AD13,"docs/synova/research/权威文档13-增长导航系统工程规范-20260714/SYNOVA-RESEARCH-第四章-中层工作台数据模型-v1-0-20260714.md",1,681,"681"
computeKebab,compute-employee-turnover,AD13,"docs/synova/research/权威文档13-增长导航系统工程规范-20260714/SYNOVA-RESEARCH-第四章-中层工作台数据模型-v1-0-20260714.md",1,682,"682"
computeKebab,compute-process-efficiency,AD13,"docs/synova/research/权威文档13-增长导航系统工程规范-20260714/SYNOVA-RESEARCH-第四章-中层工作台数据模型-v1-0-20260714.md",1,683,"683"
sentinelKebab,sentinel-service,AD13,"docs/synova/research/权威文档13-增长导航系统工程规范-20260714/SYNOVA-RESEARCH-第四章-中层工作台数据模型-v1-0-20260714.md",1,29,"29"
sentinelKebab,sentinel-goal,AD13,"docs/synova/research/权威文档13-增长导航系统工程规范-20260714/SYNOVA-RESEARCH-第四章-中层工作台数据模型-v1-0-20260714.md",2,612,"612,780"
sentinelKebab,sentinel-fixed-cost-ratio,AD13,"docs/synova/research/权威文档13-增长导航系统工程规范-20260714/SYNOVA-RESEARCH-第四章-中层工作台数据模型-v1-0-20260714.md",1,738,"738"
sentinelKebab,sentinel-procurement-structure,AD13,"docs/synova/research/权威文档13-增长导航系统工程规范-20260714/SYNOVA-RESEARCH-第四章-中层工作台数据模型-v1-0-20260714.md",1,742,"742"
sentinelKebab,sentinel-people-cost-structure,AD13,"docs/synova/research/权威文档13-增长导航系统工程规范-20260714/SYNOVA-RESEARCH-第四章-中层工作台数据模型-v1-0-20260714.md",1,746,"746"
computeCamel,computeContractId,AD13,"docs/synova/research/权威文档13-增长导航系统工程规范-20260714/SYNOVA-RESEARCH-第四章-中层工作台数据模型-v1-0-20260714.md",2,140,"140,619"
computeCamel,computeNextAction,AD13,"docs/synova/research/权威文档13-增长导航系统工程规范-20260714/SYNOVA-RESEARCH-第四章-中层工作台数据模型-v1-0-20260714.md",2,394,"394,403"
computeCamel,computeRef,AD13,"docs/synova/research/权威文档13-增长导航系统工程规范-20260714/SYNOVA-RESEARCH-第四章-中层工作台数据模型-v1-0-20260714.md",1,619,"619"
computeCamel,computeWorkspaceDegraded,AD13,"docs/synova/research/权威文档13-增长导航系统工程规范-20260714/SYNOVA-RESEARCH-第四章-中层工作台数据模型-v1-0-20260714.md",1,916,"916"
E,E-23,AD14,"docs/synova/research/权威文档14-Synova系统集成与实施路线图-20260714/SYNOVA-RESEARCH-研究方案-v1-0-20260714.md",2,105,"105,219"
E,E-31,AD14,"docs/synova/research/权威文档14-Synova系统集成与实施路线图-20260714/SYNOVA-RESEARCH-研究方案-v1-0-20260714.md",1,220,"220"
E,E-34,AD14,"docs/synova/research/权威文档14-Synova系统集成与实施路线图-20260714/SYNOVA-RESEARCH-研究方案-v1-0-20260714.md",1,221,"221"
E,E-14,AD14,"docs/synova/research/权威文档14-Synova系统集成与实施路线图-20260714/SYNOVA-RESEARCH-研究方案-v1-0-20260714.md",1,222,"222"
sentinelKebab,sentinel-registry,AD14,"docs/synova/research/权威文档14-Synova系统集成与实施路线图-20260714/SYNOVA-RESEARCH-研究方案-v1-0-20260714.md",1,107,"107"
computeCamel,computeProfitHealth,AD14,"docs/synova/research/权威文档14-Synova系统集成与实施路线图-20260714/SYNOVA-RESEARCH-研究方案-v1-0-20260714.md",1,107,"107"
sentinelKebab,sentinel-loader,AD14,"docs/synova/research/权威文档14-Synova系统集成与实施路线图-20260714/SYNOVA-RESEARCH-第一章-系统启动序列与热重载协议-v1-0-20260714.md",3,231,"231,451,931"
computeCamel,computeDOL,AD14,"docs/synova/research/权威文档14-Synova系统集成与实施路线图-20260714/SYNOVA-RESEARCH-第一章-系统启动序列与热重载协议-v1-0-20260714.md",2,367,"367,412"
E,E-01,AD14,"docs/synova/research/权威文档14-Synova系统集成与实施路线图-20260714/SYNOVA-RESEARCH-第三章-集成测试契约与防误报机制-v1-0-20260714.md",3,31,"31,42,110"
E,E-42,AD14,"docs/synova/research/权威文档14-Synova系统集成与实施路线图-20260714/SYNOVA-RESEARCH-第三章-集成测试契约与防误报机制-v1-0-20260714.md",2,31,"31,110"
E,E-02,AD14,"docs/synova/research/权威文档14-Synova系统集成与实施路线图-20260714/SYNOVA-RESEARCH-第三章-集成测试契约与防误报机制-v1-0-20260714.md",1,110,"110"
sentinelKebab,sentinel-registry,AD14,"docs/synova/research/权威文档14-Synova系统集成与实施路线图-20260714/SYNOVA-RESEARCH-第三章-集成测试契约与防误报机制-v1-0-20260714.md",2,41,"41,43"
sentinelKebab,sentinel-breakeven,AD14,"docs/synova/research/权威文档14-Synova系统集成与实施路线图-20260714/SYNOVA-RESEARCH-第三章-集成测试契约与防误报机制-v1-0-20260714.md",1,111,"111"
sentinelKebab,sentinel-operating-leverage,AD14,"docs/synova/research/权威文档14-Synova系统集成与实施路线图-20260714/SYNOVA-RESEARCH-第三章-集成测试契约与防误报机制-v1-0-20260714.md",1,111,"111"
sentinelKebab,sentinel-price-elasticity,AD14,"docs/synova/research/权威文档14-Synova系统集成与实施路线图-20260714/SYNOVA-RESEARCH-第三章-集成测试契约与防误报机制-v1-0-20260714.md",1,111,"111"
sentinelKebab,sentinel-npv-negative,AD14,"docs/synova/research/权威文档14-Synova系统集成与实施路线图-20260714/SYNOVA-RESEARCH-第三章-集成测试契约与防误报机制-v1-0-20260714.md",1,111,"111"
sentinelKebab,sentinel-survival-margin,AD14,"docs/synova/research/权威文档14-Synova系统集成与实施路线图-20260714/SYNOVA-RESEARCH-第三章-集成测试契约与防误报机制-v1-0-20260714.md",1,111,"111"
sentinelKebab,sentinel-csf-profile,AD14,"docs/synova/research/权威文档14-Synova系统集成与实施路线图-20260714/SYNOVA-RESEARCH-第三章-集成测试契约与防误报机制-v1-0-20260714.md",1,111,"111"
computeCamel,computeDOL,AD14,"docs/synova/research/权威文档14-Synova系统集成与实施路线图-20260714/SYNOVA-RESEARCH-第三章-集成测试契约与防误报机制-v1-0-20260714.md",1,117,"117"
computeCamel,computeBreakEven,AD14,"docs/synova/research/权威文档14-Synova系统集成与实施路线图-20260714/SYNOVA-RESEARCH-第三章-集成测试契约与防误报机制-v1-0-20260714.md",1,117,"117"
E,E-23,AD14,"docs/synova/research/权威文档14-Synova系统集成与实施路线图-20260714/SYNOVA-RESEARCH-第二章-能力场景溯源矩阵与自助诊断-v1-0-20260714.md",7,30,"30,33,34,39,40,155"
E,E-13,AD14,"docs/synova/research/权威文档14-Synova系统集成与实施路线图-20260714/SYNOVA-RESEARCH-第二章-能力场景溯源矩阵与自助诊断-v1-0-20260714.md",5,30,"30,32,39,40,199"
E,E-05,AD14,"docs/synova/research/权威文档14-Synova系统集成与实施路线图-20260714/SYNOVA-RESEARCH-第二章-能力场景溯源矩阵与自助诊断-v1-0-20260714.md",4,31,"31,32,156,177"
E,E-37,AD14,"docs/synova/research/权威文档14-Synova系统集成与实施路线图-20260714/SYNOVA-RESEARCH-第二章-能力场景溯源矩阵与自助诊断-v1-0-20260714.md",4,31,"31,34,157,199"
E,E-30,AD14,"docs/synova/research/权威文档14-Synova系统集成与实施路线图-20260714/SYNOVA-RESEARCH-第二章-能力场景溯源矩阵与自助诊断-v1-0-20260714.md",1,33,"33"
E,E-33,AD14,"docs/synova/research/权威文档14-Synova系统集成与实施路线图-20260714/SYNOVA-RESEARCH-第二章-能力场景溯源矩阵与自助诊断-v1-0-20260714.md",2,33,"33,41"
E,E-31,AD14,"docs/synova/research/权威文档14-Synova系统集成与实施路线图-20260714/SYNOVA-RESEARCH-第二章-能力场景溯源矩阵与自助诊断-v1-0-20260714.md",1,35,"35"
E,E-25,AD14,"docs/synova/research/权威文档14-Synova系统集成与实施路线图-20260714/SYNOVA-RESEARCH-第二章-能力场景溯源矩阵与自助诊断-v1-0-20260714.md",1,35,"35"
E,E-27,AD14,"docs/synova/research/权威文档14-Synova系统集成与实施路线图-20260714/SYNOVA-RESEARCH-第二章-能力场景溯源矩阵与自助诊断-v1-0-20260714.md",1,35,"35"
E,E-03,AD14,"docs/synova/research/权威文档14-Synova系统集成与实施路线图-20260714/SYNOVA-RESEARCH-第二章-能力场景溯源矩阵与自助诊断-v1-0-20260714.md",1,36,"36"
E,E-01,AD14,"docs/synova/research/权威文档14-Synova系统集成与实施路线图-20260714/SYNOVA-RESEARCH-第二章-能力场景溯源矩阵与自助诊断-v1-0-20260714.md",1,36,"36"
E,E-14,AD14,"docs/synova/research/权威文档14-Synova系统集成与实施路线图-20260714/SYNOVA-RESEARCH-第二章-能力场景溯源矩阵与自助诊断-v1-0-20260714.md",1,37,"37"
E,E-07,AD14,"docs/synova/research/权威文档14-Synova系统集成与实施路线图-20260714/SYNOVA-RESEARCH-第二章-能力场景溯源矩阵与自助诊断-v1-0-20260714.md",1,38,"38"
E,E-36,AD14,"docs/synova/research/权威文档14-Synova系统集成与实施路线图-20260714/SYNOVA-RESEARCH-第二章-能力场景溯源矩阵与自助诊断-v1-0-20260714.md",1,41,"41"
E,E-09,AD14,"docs/synova/research/权威文档14-Synova系统集成与实施路线图-20260714/SYNOVA-RESEARCH-第二章-能力场景溯源矩阵与自助诊断-v1-0-20260714.md",1,48,"48"
computeCamel,computeCapitalTurnover,AD14,"docs/synova/research/权威文档14-Synova系统集成与实施路线图-20260714/SYNOVA-RESEARCH-第二章-能力场景溯源矩阵与自助诊断-v1-0-20260714.md",1,39,"39"
E,E-23,AD14,"docs/synova/research/权威文档14-Synova系统集成与实施路线图-20260714/SYNOVA-RESEARCH-第五章-跨文档术语字典与跨层级映射-v1-0-20260714.md",3,57,"57,61,62"
E,E-31,AD14,"docs/synova/research/权威文档14-Synova系统集成与实施路线图-20260714/SYNOVA-RESEARCH-第五章-跨文档术语字典与跨层级映射-v1-0-20260714.md",2,58,"58,63"
E,E-30,AD14,"docs/synova/research/权威文档14-Synova系统集成与实施路线图-20260714/SYNOVA-RESEARCH-第五章-跨文档术语字典与跨层级映射-v1-0-20260714.md",4,59,"59,61,68"
E,E-37,AD14,"docs/synova/research/权威文档14-Synova系统集成与实施路线图-20260714/SYNOVA-RESEARCH-第五章-跨文档术语字典与跨层级映射-v1-0-20260714.md",3,59,"59,64,80"
E,E-14,AD14,"docs/synova/research/权威文档14-Synova系统集成与实施路线图-20260714/SYNOVA-RESEARCH-第五章-跨文档术语字典与跨层级映射-v1-0-20260714.md",1,60,"60"
E,E-34,AD14,"docs/synova/research/权威文档14-Synova系统集成与实施路线图-20260714/SYNOVA-RESEARCH-第五章-跨文档术语字典与跨层级映射-v1-0-20260714.md",1,61,"61"
E,E-38,AD14,"docs/synova/research/权威文档14-Synova系统集成与实施路线图-20260714/SYNOVA-RESEARCH-第五章-跨文档术语字典与跨层级映射-v1-0-20260714.md",1,62,"62"
E,E-41,AD14,"docs/synova/research/权威文档14-Synova系统集成与实施路线图-20260714/SYNOVA-RESEARCH-第五章-跨文档术语字典与跨层级映射-v1-0-20260714.md",1,62,"62"
E,E-20,AD14,"docs/synova/research/权威文档14-Synova系统集成与实施路线图-20260714/SYNOVA-RESEARCH-第五章-跨文档术语字典与跨层级映射-v1-0-20260714.md",1,62,"62"
E,E-25,AD14,"docs/synova/research/权威文档14-Synova系统集成与实施路线图-20260714/SYNOVA-RESEARCH-第五章-跨文档术语字典与跨层级映射-v1-0-20260714.md",1,63,"63"
E,E-07,AD14,"docs/synova/research/权威文档14-Synova系统集成与实施路线图-20260714/SYNOVA-RESEARCH-第五章-跨文档术语字典与跨层级映射-v1-0-20260714.md",1,63,"63"
E,E-05,AD14,"docs/synova/research/权威文档14-Synova系统集成与实施路线图-20260714/SYNOVA-RESEARCH-第五章-跨文档术语字典与跨层级映射-v1-0-20260714.md",1,64,"64"
E,E-36,AD14,"docs/synova/research/权威文档14-Synova系统集成与实施路线图-20260714/SYNOVA-RESEARCH-第五章-跨文档术语字典与跨层级映射-v1-0-20260714.md",1,65,"65"
E,E-33,AD14,"docs/synova/research/权威文档14-Synova系统集成与实施路线图-20260714/SYNOVA-RESEARCH-第五章-跨文档术语字典与跨层级映射-v1-0-20260714.md",1,65,"65"
E,E-03,AD14,"docs/synova/research/权威文档14-Synova系统集成与实施路线图-20260714/SYNOVA-RESEARCH-第五章-跨文档术语字典与跨层级映射-v1-0-20260714.md",1,66,"66"
E,E-09,AD14,"docs/synova/research/权威文档14-Synova系统集成与实施路线图-20260714/SYNOVA-RESEARCH-第五章-跨文档术语字典与跨层级映射-v1-0-20260714.md",1,67,"67"
sentinelKebab,sentinel-orchestration,AD14,"docs/synova/research/权威文档14-Synova系统集成与实施路线图-20260714/SYNOVA-RESEARCH-第五章-跨文档术语字典与跨层级映射-v1-0-20260714.md",1,37,"37"
sentinelKebab,sentinel-operating-leverage,AD14,"docs/synova/research/权威文档14-Synova系统集成与实施路线图-20260714/SYNOVA-RESEARCH-第五章-跨文档术语字典与跨层级映射-v1-0-20260714.md",1,57,"57"
E,E-01,AD14,"docs/synova/research/权威文档14-Synova系统集成与实施路线图-20260714/SYNOVA-RESEARCH-第四章-最小可用系统MVS与黄金数据集-v1-0-20260714.md",2,33,"33,91"
E,E-02,AD14,"docs/synova/research/权威文档14-Synova系统集成与实施路线图-20260714/SYNOVA-RESEARCH-第四章-最小可用系统MVS与黄金数据集-v1-0-20260714.md",3,34,"34,60,90"
E,E-03,AD14,"docs/synova/research/权威文档14-Synova系统集成与实施路线图-20260714/SYNOVA-RESEARCH-第四章-最小可用系统MVS与黄金数据集-v1-0-20260714.md",3,35,"35,67,101"
E,E-05,AD14,"docs/synova/research/权威文档14-Synova系统集成与实施路线图-20260714/SYNOVA-RESEARCH-第四章-最小可用系统MVS与黄金数据集-v1-0-20260714.md",5,36,"36,61,65,94,95"
E,E-06,AD14,"docs/synova/research/权威文档14-Synova系统集成与实施路线图-20260714/SYNOVA-RESEARCH-第四章-最小可用系统MVS与黄金数据集-v1-0-20260714.md",4,37,"37,65,76,94"
E,E-13,AD14,"docs/synova/research/权威文档14-Synova系统集成与实施路线图-20260714/SYNOVA-RESEARCH-第四章-最小可用系统MVS与黄金数据集-v1-0-20260714.md",14,38,"38,55,56,58,59,60"
E,E-23,AD14,"docs/synova/research/权威文档14-Synova系统集成与实施路线图-20260714/SYNOVA-RESEARCH-第四章-最小可用系统MVS与黄金数据集-v1-0-20260714.md",20,39,"39,55,56,58,59,64"
E,E-30,AD14,"docs/synova/research/权威文档14-Synova系统集成与实施路线图-20260714/SYNOVA-RESEARCH-第四章-最小可用系统MVS与黄金数据集-v1-0-20260714.md",11,40,"40,56,64,76,86,102"
E,E-31,AD14,"docs/synova/research/权威文档14-Synova系统集成与实施路线图-20260714/SYNOVA-RESEARCH-第四章-最小可用系统MVS与黄金数据集-v1-0-20260714.md",7,41,"41,57,60,63,90,98"
E,E-33,AD14,"docs/synova/research/权威文档14-Synova系统集成与实施路线图-20260714/SYNOVA-RESEARCH-第四章-最小可用系统MVS与黄金数据集-v1-0-20260714.md",7,42,"42,57,63,77,89,99"
E,E-34,AD14,"docs/synova/research/权威文档14-Synova系统集成与实施路线图-20260714/SYNOVA-RESEARCH-第四章-最小可用系统MVS与黄金数据集-v1-0-20260714.md",6,43,"43,66,151,177,179,191"
E,E-36,AD14,"docs/synova/research/权威文档14-Synova系统集成与实施路线图-20260714/SYNOVA-RESEARCH-第四章-最小可用系统MVS与黄金数据集-v1-0-20260714.md",5,44,"44,57,77,91,100"
E,E-37,AD14,"docs/synova/research/权威文档14-Synova系统集成与实施路线图-20260714/SYNOVA-RESEARCH-第四章-最小可用系统MVS与黄金数据集-v1-0-20260714.md",11,45,"45,55,61,76,87,95"
E,E-25,AD14,"docs/synova/research/权威文档14-Synova系统集成与实施路线图-20260714/SYNOVA-RESEARCH-第四章-最小可用系统MVS与黄金数据集-v1-0-20260714.md",1,46,"46"
E,E-24,AD14,"docs/synova/research/权威文档14-Synova系统集成与实施路线图-20260714/SYNOVA-RESEARCH-第四章-最小可用系统MVS与黄金数据集-v1-0-20260714.md",1,47,"47"
E,E-07,AD14,"docs/synova/research/权威文档14-Synova系统集成与实施路线图-20260714/SYNOVA-RESEARCH-第四章-最小可用系统MVS与黄金数据集-v1-0-20260714.md",2,48,"48,69"
E,E-38,AD14,"docs/synova/research/权威文档14-Synova系统集成与实施路线图-20260714/SYNOVA-RESEARCH-第四章-最小可用系统MVS与黄金数据集-v1-0-20260714.md",3,49,"49,69,70"
E,E-18,AD14,"docs/synova/research/权威文档14-Synova系统集成与实施路线图-20260714/SYNOVA-RESEARCH-第四章-最小可用系统MVS与黄金数据集-v1-0-20260714.md",2,60,"60,90"
E,E-09,AD14,"docs/synova/research/权威文档14-Synova系统集成与实施路线图-20260714/SYNOVA-RESEARCH-第四章-最小可用系统MVS与黄金数据集-v1-0-20260714.md",1,62,"62"
E,E-17,AD14,"docs/synova/research/权威文档14-Synova系统集成与实施路线图-20260714/SYNOVA-RESEARCH-第四章-最小可用系统MVS与黄金数据集-v1-0-20260714.md",1,68,"68"
E,E-41,AD14,"docs/synova/research/权威文档14-Synova系统集成与实施路线图-20260714/SYNOVA-RESEARCH-第四章-最小可用系统MVS与黄金数据集-v1-0-20260714.md",1,70,"70"
sentinelKebab,sentinel-breakeven,AD14,"docs/synova/research/权威文档14-Synova系统集成与实施路线图-20260714/SYNOVA-RESEARCH-第四章-最小可用系统MVS与黄金数据集-v1-0-20260714.md",1,58,"58"
sentinelKebab,sentinel-operating-leverage,AD14,"docs/synova/research/权威文档14-Synova系统集成与实施路线图-20260714/SYNOVA-RESEARCH-第四章-最小可用系统MVS与黄金数据集-v1-0-20260714.md",2,59,"59,114"
sentinelKebab,sentinel-survival-margin,AD14,"docs/synova/research/权威文档14-Synova系统集成与实施路线图-20260714/SYNOVA-RESEARCH-第四章-最小可用系统MVS与黄金数据集-v1-0-20260714.md",1,60,"60"
sentinelKebab,sentinel-findings,AD14,"docs/synova/research/权威文档14-Synova系统集成与实施路线图-20260714/SYNOVA-RESEARCH-第四章-最小可用系统MVS与黄金数据集-v1-0-20260714.md",2,293,"293,297"
computeCamel,computeCapitalEfficiency,AD14,"docs/synova/research/权威文档14-Synova系统集成与实施路线图-20260714/SYNOVA-RESEARCH-第四章-最小可用系统MVS与黄金数据集-v1-0-20260714.md",2,55,"55,92"
computeCamel,computeCapitalTurnover,AD14,"docs/synova/research/权威文档14-Synova系统集成与实施路线图-20260714/SYNOVA-RESEARCH-第四章-最小可用系统MVS与黄金数据集-v1-0-20260714.md",2,55,"55,93"
computeCamel,computeDebtEquityRatio,AD14,"docs/synova/research/权威文档14-Synova系统集成与实施路线图-20260714/SYNOVA-RESEARCH-第四章-最小可用系统MVS与黄金数据集-v1-0-20260714.md",3,55,"55,65,94"
computeCamel,computeDOL,AD14,"docs/synova/research/权威文档14-Synova系统集成与实施路线图-20260714/SYNOVA-RESEARCH-第四章-最小可用系统MVS与黄金数据集-v1-0-20260714.md",2,56,"56,96"
computeCamel,computeBreakEven,AD14,"docs/synova/research/权威文档14-Synova系统集成与实施路线图-20260714/SYNOVA-RESEARCH-第四章-最小可用系统MVS与黄金数据集-v1-0-20260714.md",2,56,"56,97"
computeCamel,computeHHI,AD14,"docs/synova/research/权威文档14-Synova系统集成与实施路线图-20260714/SYNOVA-RESEARCH-第四章-最小可用系统MVS与黄金数据集-v1-0-20260714.md",2,57,"57,99"
computeCamel,computeCompetitivePosition,AD14,"docs/synova/research/权威文档14-Synova系统集成与实施路线图-20260714/SYNOVA-RESEARCH-第四章-最小可用系统MVS与黄金数据集-v1-0-20260714.md",2,57,"57,100"
computeCamel,computeCashRunway,AD14,"docs/synova/research/权威文档14-Synova系统集成与实施路线图-20260714/SYNOVA-RESEARCH-第四章-最小可用系统MVS与黄金数据集-v1-0-20260714.md",2,61,"61,95"
computeCamel,computeDataQuality,AD14,"docs/synova/research/权威文档14-Synova系统集成与实施路线图-20260714/SYNOVA-RESEARCH-第四章-最小可用系统MVS与黄金数据集-v1-0-20260714.md",1,62,"62"
computeCamel,computeChurnRate,AD14,"docs/synova/research/权威文档14-Synova系统集成与实施路线图-20260714/SYNOVA-RESEARCH-第四章-最小可用系统MVS与黄金数据集-v1-0-20260714.md",2,63,"63,98"
computeCamel,computeUnitEconomics,AD14,"docs/synova/research/权威文档14-Synova系统集成与实施路线图-20260714/SYNOVA-RESEARCH-第四章-最小可用系统MVS与黄金数据集-v1-0-20260714.md",2,64,"64,102"
computeCamel,computeProcurementEfficiency,AD14,"docs/synova/research/权威文档14-Synova系统集成与实施路线图-20260714/SYNOVA-RESEARCH-第四章-最小可用系统MVS与黄金数据集-v1-0-20260714.md",1,66,"66"
computeCamel,computeEnvRent,AD14,"docs/synova/research/权威文档14-Synova系统集成与实施路线图-20260714/SYNOVA-RESEARCH-第四章-最小可用系统MVS与黄金数据集-v1-0-20260714.md",2,67,"67,101"
computeCamel,computeIncentiveDistortion,AD14,"docs/synova/research/权威文档14-Synova系统集成与实施路线图-20260714/SYNOVA-RESEARCH-第四章-最小可用系统MVS与黄金数据集-v1-0-20260714.md",1,68,"68"
computeCamel,computeTalentDensity,AD14,"docs/synova/research/权威文档14-Synova系统集成与实施路线图-20260714/SYNOVA-RESEARCH-第四章-最小可用系统MVS与黄金数据集-v1-0-20260714.md",1,69,"69"
computeCamel,computeKeyPersonScore,AD14,"docs/synova/research/权威文档14-Synova系统集成与实施路线图-20260714/SYNOVA-RESEARCH-第四章-最小可用系统MVS与黄金数据集-v1-0-20260714.md",1,70,"70"
computeCamel,computeMarginTrend,AD14,"docs/synova/research/权威文档14-Synova系统集成与实施路线图-20260714/SYNOVA-RESEARCH-第四章-最小可用系统MVS与黄金数据集-v1-0-20260714.md",1,103,"103"
E,E-05,AD14,"docs/synova/research/权威文档14-Synova系统集成与实施路线图-20260714/SYNOVA-RESEARCH-附录-研究工程方法论提炼-v1-0-20260714.md",1,49,"49"
E,E-23,AD14,"docs/synova/research/权威文档14-Synova系统集成与实施路线图-20260714/SYNOVA-RESEARCH-附录-研究工程方法论提炼-v1-0-20260714.md",1,50,"50"
E,E-04,AD14,"docs/synova/research/权威文档14-Synova系统集成与实施路线图-20260714/SYNOVA-RESEARCH-附录-研究工程方法论提炼-v1-0-20260714.md",1,51,"51"
E,E-05,AD15,"docs/synova/research/权威文档15-企业循环溢出导航系统-20260714/SYNOVA-RESEARCH-研究方案-v2-0-20260714.md",1,64,"64"
E,E-07,AD15,"docs/synova/research/权威文档15-企业循环溢出导航系统-20260714/SYNOVA-RESEARCH-研究方案-v2-0-20260714.md",1,64,"64"
E,E-13,AD15,"docs/synova/research/权威文档15-企业循环溢出导航系统-20260714/SYNOVA-RESEARCH-研究方案-v2-0-20260714.md",3,65,"65,80,160"
E,E-23,AD15,"docs/synova/research/权威文档15-企业循环溢出导航系统-20260714/SYNOVA-RESEARCH-研究方案-v2-0-20260714.md",2,66,"66,80"
E,E-28,AD15,"docs/synova/research/权威文档15-企业循环溢出导航系统-20260714/SYNOVA-RESEARCH-研究方案-v2-0-20260714.md",1,66,"66"
E,E-30,AD15,"docs/synova/research/权威文档15-企业循环溢出导航系统-20260714/SYNOVA-RESEARCH-研究方案-v2-0-20260714.md",2,67,"67,80"
E,E-31,AD15,"docs/synova/research/权威文档15-企业循环溢出导航系统-20260714/SYNOVA-RESEARCH-研究方案-v2-0-20260714.md",1,67,"67"
E,E-37,AD15,"docs/synova/research/权威文档15-企业循环溢出导航系统-20260714/SYNOVA-RESEARCH-研究方案-v2-0-20260714.md",3,68,"68,80,87"
E,E-34,AD15,"docs/synova/research/权威文档15-企业循环溢出导航系统-20260714/SYNOVA-RESEARCH-研究方案-v2-0-20260714.md",1,80,"80"
E,E-38,AD15,"docs/synova/research/权威文档15-企业循环溢出导航系统-20260714/SYNOVA-RESEARCH-研究方案-v2-0-20260714.md",2,80,"80,210"
E,E-15,AD15,"docs/synova/research/权威文档15-企业循环溢出导航系统-20260714/SYNOVA-RESEARCH-研究方案-v2-0-20260714.md",1,211,"211"
E,E-17,AD15,"docs/synova/research/权威文档15-企业循环溢出导航系统-20260714/SYNOVA-RESEARCH-研究方案-v2-0-20260714.md",1,212,"212"
computeCamel,computeStoreProfit,AD15,"docs/synova/research/权威文档15-企业循环溢出导航系统-20260714/SYNOVA-RESEARCH-研究方案-v2-0-20260714.md",1,81,"81"
computeCamel,computeROIC,AD15,"docs/synova/research/权威文档15-企业循环溢出导航系统-20260714/SYNOVA-RESEARCH-研究方案-v2-0-20260714.md",1,81,"81"
E,E-05,AD15,"docs/synova/research/权威文档15-企业循环溢出导航系统-20260714/SYNOVA-RESEARCH-第一章-循环配置规范与动态加载机制-v1-0-20260714.md",11,48,"48,49,50,155,156,346"
E,E-07,AD15,"docs/synova/research/权威文档15-企业循环溢出导航系统-20260714/SYNOVA-RESEARCH-第一章-循环配置规范与动态加载机制-v1-0-20260714.md",9,48,"48,157,158,806,825,917"
E,E-13,AD15,"docs/synova/research/权威文档15-企业循环溢出导航系统-20260714/SYNOVA-RESEARCH-第一章-循环配置规范与动态加载机制-v1-0-20260714.md",21,48,"48,49,50,161,162,202"
E,E-23,AD15,"docs/synova/research/权威文档15-企业循环溢出导航系统-20260714/SYNOVA-RESEARCH-第一章-循环配置规范与动态加载机制-v1-0-20260714.md",16,48,"48,49,50,165,166,704"
E,E-28,AD15,"docs/synova/research/权威文档15-企业循环溢出导航系统-20260714/SYNOVA-RESEARCH-第一章-循环配置规范与动态加载机制-v1-0-20260714.md",4,48,"48,167,168,1229"
E,E-30,AD15,"docs/synova/research/权威文档15-企业循环溢出导航系统-20260714/SYNOVA-RESEARCH-第一章-循环配置规范与动态加载机制-v1-0-20260714.md",17,48,"48,49,50,171,172,707"
E,E-31,AD15,"docs/synova/research/权威文档15-企业循环溢出导航系统-20260714/SYNOVA-RESEARCH-第一章-循环配置规范与动态加载机制-v1-0-20260714.md",11,48,"48,173,174,757,879,929"
E,E-34,AD15,"docs/synova/research/权威文档15-企业循环溢出导航系统-20260714/SYNOVA-RESEARCH-第一章-循环配置规范与动态加载机制-v1-0-20260714.md",4,48,"48,925,1025,1233"
E,E-37,AD15,"docs/synova/research/权威文档15-企业循环溢出导航系统-20260714/SYNOVA-RESEARCH-第一章-循环配置规范与动态加载机制-v1-0-20260714.md",16,48,"48,49,50,177,178,290"
E,E-38,AD15,"docs/synova/research/权威文档15-企业循环溢出导航系统-20260714/SYNOVA-RESEARCH-第一章-循环配置规范与动态加载机制-v1-0-20260714.md",5,48,"48,819,826,1023,1236"
E,E-06,AD15,"docs/synova/research/权威文档15-企业循环溢出导航系统-20260714/SYNOVA-RESEARCH-第一章-循环配置规范与动态加载机制-v1-0-20260714.md",5,49,"49,698,717,1021,1217"
E,E-17,AD15,"docs/synova/research/权威文档15-企业循环溢出导航系统-20260714/SYNOVA-RESEARCH-第一章-循环配置规范与动态加载机制-v1-0-20260714.md",4,149,"149,812,1023,1223"
E,E-01,AD15,"docs/synova/research/权威文档15-企业循环溢出导航系统-20260714/SYNOVA-RESEARCH-第一章-循环配置规范与动态加载机制-v1-0-20260714.md",7,750,"750,859,976,1022,1024,1026"
E,E-25,AD15,"docs/synova/research/权威文档15-企业循环溢出导航系统-20260714/SYNOVA-RESEARCH-第一章-循环配置规范与动态加载机制-v1-0-20260714.md",5,751,"751,975,1022,1026,1228"
E,E-40,AD15,"docs/synova/research/权威文档15-企业循环溢出导航系统-20260714/SYNOVA-RESEARCH-第一章-循环配置规范与动态加载机制-v1-0-20260714.md",6,763,"763,990,1011,1022,1026,1237"
E,E-15,AD15,"docs/synova/research/权威文档15-企业循环溢出导航系统-20260714/SYNOVA-RESEARCH-第一章-循环配置规范与动态加载机制-v1-0-20260714.md",3,809,"809,1023,1222"
E,E-19,AD15,"docs/synova/research/权威文档15-企业循环溢出导航系统-20260714/SYNOVA-RESEARCH-第一章-循环配置规范与动态加载机制-v1-0-20260714.md",3,813,"813,1023,1224"
E,E-04,AD15,"docs/synova/research/权威文档15-企业循环溢出导航系统-20260714/SYNOVA-RESEARCH-第一章-循环配置规范与动态加载机制-v1-0-20260714.md",3,860,"860,1024,1215"
E,E-20,AD15,"docs/synova/research/权威文档15-企业循环溢出导航系统-20260714/SYNOVA-RESEARCH-第一章-循环配置规范与动态加载机制-v1-0-20260714.md",3,866,"866,1024,1225"
E,E-22,AD15,"docs/synova/research/权威文档15-企业循环溢出导航系统-20260714/SYNOVA-RESEARCH-第一章-循环配置规范与动态加载机制-v1-0-20260714.md",3,867,"867,1024,1226"
E,E-35,AD15,"docs/synova/research/权威文档15-企业循环溢出导航系统-20260714/SYNOVA-RESEARCH-第一章-循环配置规范与动态加载机制-v1-0-20260714.md",5,873,"873,987,1024,1026,1234"
E,E-08,AD15,"docs/synova/research/权威文档15-企业循环溢出导航系统-20260714/SYNOVA-RESEARCH-第一章-循环配置规范与动态加载机制-v1-0-20260714.md",3,918,"918,1025,1219"
E,E-09,AD15,"docs/synova/research/权威文档15-企业循环溢出导航系统-20260714/SYNOVA-RESEARCH-第一章-循环配置规范与动态加载机制-v1-0-20260714.md",1,1220,"1220"
E,E-33,AD15,"docs/synova/research/权威文档15-企业循环溢出导航系统-20260714/SYNOVA-RESEARCH-第一章-循环配置规范与动态加载机制-v1-0-20260714.md",1,1232,"1232"
E,E-42,AD15,"docs/synova/research/权威文档15-企业循环溢出导航系统-20260714/SYNOVA-RESEARCH-第一章-循环配置规范与动态加载机制-v1-0-20260714.md",1,1238,"1238"
sentinelKebab,sentinel-loader,AD15,"docs/synova/research/权威文档15-企业循环溢出导航系统-20260714/SYNOVA-RESEARCH-第一章-循环配置规范与动态加载机制-v1-0-20260714.md",6,307,"307,335,425,524,534,1200"
computeCamel,computeInterval,AD15,"docs/synova/research/权威文档15-企业循环溢出导航系统-20260714/SYNOVA-RESEARCH-第一章-循环配置规范与动态加载机制-v1-0-20260714.md",11,95,"95,116,407,727,783,836"
E,E-13,AD15,"docs/synova/research/权威文档15-企业循环溢出导航系统-20260714/SYNOVA-RESEARCH-第三章-投入建议引擎-v1-0-20260714.md",1,136,"136"
E,E-07,AD15,"docs/synova/research/权威文档15-企业循环溢出导航系统-20260714/SYNOVA-RESEARCH-第三章-投入建议引擎-v1-0-20260714.md",7,264,"264,326,353,399,410,417"
E,E-15,AD15,"docs/synova/research/权威文档15-企业循环溢出导航系统-20260714/SYNOVA-RESEARCH-第三章-投入建议引擎-v1-0-20260714.md",2,333,"333,432"
E,E-23,AD15,"docs/synova/research/权威文档15-企业循环溢出导航系统-20260714/SYNOVA-RESEARCH-第三章-投入建议引擎-v1-0-20260714.md",2,340,"340,434"
E,E-03,AD15,"docs/synova/research/权威文档15-企业循环溢出导航系统-20260714/SYNOVA-RESEARCH-第三章-投入建议引擎-v1-0-20260714.md",2,401,"401,412"
E,E-33,AD15,"docs/synova/research/权威文档15-企业循环溢出导航系统-20260714/SYNOVA-RESEARCH-第三章-投入建议引擎-v1-0-20260714.md",2,401,"401,412"
E,E-34,AD15,"docs/synova/research/权威文档15-企业循环溢出导航系统-20260714/SYNOVA-RESEARCH-第三章-投入建议引擎-v1-0-20260714.md",1,401,"401"
E,E-09,AD15,"docs/synova/research/权威文档15-企业循环溢出导航系统-20260714/SYNOVA-RESEARCH-第三章-投入建议引擎-v1-0-20260714.md",2,403,"403,414"
E,E-17,AD15,"docs/synova/research/权威文档15-企业循环溢出导航系统-20260714/SYNOVA-RESEARCH-第三章-投入建议引擎-v1-0-20260714.md",1,433,"433"
E,E-38,AD15,"docs/synova/research/权威文档15-企业循环溢出导航系统-20260714/SYNOVA-RESEARCH-第三章-投入建议引擎-v1-0-20260714.md",1,435,"435"
E,E-25,AD15,"docs/synova/research/权威文档15-企业循环溢出导航系统-20260714/SYNOVA-RESEARCH-第三章-投入建议引擎-v1-0-20260714.md",1,436,"436"
E,E-24,AD15,"docs/synova/research/权威文档15-企业循环溢出导航系统-20260714/SYNOVA-RESEARCH-第三章-投入建议引擎-v1-0-20260714.md",1,437,"437"
E,E-37,AD15,"docs/synova/research/权威文档15-企业循环溢出导航系统-20260714/SYNOVA-RESEARCH-第三章-投入建议引擎-v1-0-20260714.md",1,438,"438"
computeCamel,computeCumulativeLag,AD15,"docs/synova/research/权威文档15-企业循环溢出导航系统-20260714/SYNOVA-RESEARCH-第三章-投入建议引擎-v1-0-20260714.md",1,445,"445"
E,E-38,AD15,"docs/synova/research/权威文档15-企业循环溢出导航系统-20260714/SYNOVA-RESEARCH-第二章-溢出仪表盘动态生成-v1-0-20260714.md",3,179,"179,180,252"
E,E-15,AD15,"docs/synova/research/权威文档15-企业循环溢出导航系统-20260714/SYNOVA-RESEARCH-第二章-溢出仪表盘动态生成-v1-0-20260714.md",3,179,"179,180,258"
E,E-23,AD15,"docs/synova/research/权威文档15-企业循环溢出导航系统-20260714/SYNOVA-RESEARCH-第二章-溢出仪表盘动态生成-v1-0-20260714.md",3,179,"179,180,264"
E,E-31,AD15,"docs/synova/research/权威文档15-企业循环溢出导航系统-20260714/SYNOVA-RESEARCH-第二章-溢出仪表盘动态生成-v1-0-20260714.md",1,570,"570"
E,E-30,AD15,"docs/synova/research/权威文档15-企业循环溢出导航系统-20260714/SYNOVA-RESEARCH-第二章-溢出仪表盘动态生成-v1-0-20260714.md",1,571,"571"
E,E-25,AD15,"docs/synova/research/权威文档15-企业循环溢出导航系统-20260714/SYNOVA-RESEARCH-第二章-溢出仪表盘动态生成-v1-0-20260714.md",1,572,"572"
E,E-33,AD15,"docs/synova/research/权威文档15-企业循环溢出导航系统-20260714/SYNOVA-RESEARCH-第二章-溢出仪表盘动态生成-v1-0-20260714.md",1,573,"573"
computeCamel,computeOutputs,AD15,"docs/synova/research/权威文档15-企业循环溢出导航系统-20260714/SYNOVA-RESEARCH-第二章-溢出仪表盘动态生成-v1-0-20260714.md",1,17,"17"
computeCamel,computeTrend,AD15,"docs/synova/research/权威文档15-企业循环溢出导航系统-20260714/SYNOVA-RESEARCH-第二章-溢出仪表盘动态生成-v1-0-20260714.md",1,323,"323"
computeCamel,computeMaturity,AD15,"docs/synova/research/权威文档15-企业循环溢出导航系统-20260714/SYNOVA-RESEARCH-第二章-溢出仪表盘动态生成-v1-0-20260714.md",1,423,"423"
E,E-05,AD15,"docs/synova/research/权威文档15-企业循环溢出导航系统-20260714/SYNOVA-RESEARCH-第五章-行业模板管理与GA配置工作台-v1-0-20260714.md",20,51,"51,52,53,54,55,56"
E,E-13,AD15,"docs/synova/research/权威文档15-企业循环溢出导航系统-20260714/SYNOVA-RESEARCH-第五章-行业模板管理与GA配置工作台-v1-0-20260714.md",20,51,"51,52,53,54,55,56"
E,E-23,AD15,"docs/synova/research/权威文档15-企业循环溢出导航系统-20260714/SYNOVA-RESEARCH-第五章-行业模板管理与GA配置工作台-v1-0-20260714.md",20,51,"51,52,53,54,55,56"
E,E-30,AD15,"docs/synova/research/权威文档15-企业循环溢出导航系统-20260714/SYNOVA-RESEARCH-第五章-行业模板管理与GA配置工作台-v1-0-20260714.md",17,51,"51,52,53,54,55,57"
E,E-31,AD15,"docs/synova/research/权威文档15-企业循环溢出导航系统-20260714/SYNOVA-RESEARCH-第五章-行业模板管理与GA配置工作台-v1-0-20260714.md",13,51,"51,52,53,54,57,58"
E,E-37,AD15,"docs/synova/research/权威文档15-企业循环溢出导航系统-20260714/SYNOVA-RESEARCH-第五章-行业模板管理与GA配置工作台-v1-0-20260714.md",8,51,"51,52,55,56,61,63"
E,E-38,AD15,"docs/synova/research/权威文档15-企业循环溢出导航系统-20260714/SYNOVA-RESEARCH-第五章-行业模板管理与GA配置工作台-v1-0-20260714.md",11,51,"51,53,56,57,59,60"
E,E-34,AD15,"docs/synova/research/权威文档15-企业循环溢出导航系统-20260714/SYNOVA-RESEARCH-第五章-行业模板管理与GA配置工作台-v1-0-20260714.md",7,52,"52,55,56,57,63,66"
E,E-24,AD15,"docs/synova/research/权威文档15-企业循环溢出导航系统-20260714/SYNOVA-RESEARCH-第五章-行业模板管理与GA配置工作台-v1-0-20260714.md",9,53,"53,54,55,58,60,62"
E,E-40,AD15,"docs/synova/research/权威文档15-企业循环溢出导航系统-20260714/SYNOVA-RESEARCH-第五章-行业模板管理与GA配置工作台-v1-0-20260714.md",1,54,"54"
E,E-15,AD15,"docs/synova/research/权威文档15-企业循环溢出导航系统-20260714/SYNOVA-RESEARCH-第五章-行业模板管理与GA配置工作台-v1-0-20260714.md",4,56,"56,59,60,65"
E,E-32,AD15,"docs/synova/research/权威文档15-企业循环溢出导航系统-20260714/SYNOVA-RESEARCH-第五章-行业模板管理与GA配置工作台-v1-0-20260714.md",2,58,"58,68"
E,E-06,AD15,"docs/synova/research/权威文档15-企业循环溢出导航系统-20260714/SYNOVA-RESEARCH-第五章-行业模板管理与GA配置工作台-v1-0-20260714.md",4,61,"61,62,66,67"
E,E-08,AD15,"docs/synova/research/权威文档15-企业循环溢出导航系统-20260714/SYNOVA-RESEARCH-第五章-行业模板管理与GA配置工作台-v1-0-20260714.md",2,63,"63,66"
E,E-25,AD15,"docs/synova/research/权威文档15-企业循环溢出导航系统-20260714/SYNOVA-RESEARCH-第五章-行业模板管理与GA配置工作台-v1-0-20260714.md",3,64,"64,68,210"
E,E-07,AD15,"docs/synova/research/权威文档15-企业循环溢出导航系统-20260714/SYNOVA-RESEARCH-第五章-行业模板管理与GA配置工作台-v1-0-20260714.md",1,190,"190"
computeCamel,computeCapitalEfficiency,AD15,"docs/synova/research/权威文档15-企业循环溢出导航系统-20260714/SYNOVA-RESEARCH-第五章-行业模板管理与GA配置工作台-v1-0-20260714.md",3,51,"51,52,55"
computeCamel,computeBreakEven,AD15,"docs/synova/research/权威文档15-企业循环溢出导航系统-20260714/SYNOVA-RESEARCH-第五章-行业模板管理与GA配置工作台-v1-0-20260714.md",1,51,"51"
computeCamel,computeUnitEconomics,AD15,"docs/synova/research/权威文档15-企业循环溢出导航系统-20260714/SYNOVA-RESEARCH-第五章-行业模板管理与GA配置工作台-v1-0-20260714.md",13,51,"51,52,54,55,57,58"
computeCamel,computeChurnRate,AD15,"docs/synova/research/权威文档15-企业循环溢出导航系统-20260714/SYNOVA-RESEARCH-第五章-行业模板管理与GA配置工作台-v1-0-20260714.md",8,52,"52,53,54,58,60,62"
computeCamel,computeDOL,AD15,"docs/synova/research/权威文档15-企业循环溢出导航系统-20260714/SYNOVA-RESEARCH-第五章-行业模板管理与GA配置工作台-v1-0-20260714.md",5,53,"53,55,57,61,66"
computeCamel,computeNPV,AD15,"docs/synova/research/权威文档15-企业循环溢出导航系统-20260714/SYNOVA-RESEARCH-第五章-行业模板管理与GA配置工作台-v1-0-20260714.md",6,53,"53,56,61,62,66,67"
computeCamel,computeEnvRent,AD15,"docs/synova/research/权威文档15-企业循环溢出导航系统-20260714/SYNOVA-RESEARCH-第五章-行业模板管理与GA配置工作台-v1-0-20260714.md",2,54,"54,63"
computeCamel,computeMarginalCost,AD15,"docs/synova/research/权威文档15-企业循环溢出导航系统-20260714/SYNOVA-RESEARCH-第五章-行业模板管理与GA配置工作台-v1-0-20260714.md",2,55,"55,63"
computeCamel,computeCapitalTurnover,AD15,"docs/synova/research/权威文档15-企业循环溢出导航系统-20260714/SYNOVA-RESEARCH-第五章-行业模板管理与GA配置工作台-v1-0-20260714.md",4,56,"56,57,61,66"
computeCamel,computeProcurementEfficiency,AD15,"docs/synova/research/权威文档15-企业循环溢出导航系统-20260714/SYNOVA-RESEARCH-第五章-行业模板管理与GA配置工作台-v1-0-20260714.md",1,56,"56"
computeCamel,computeCAC,AD15,"docs/synova/research/权威文档15-企业循环溢出导航系统-20260714/SYNOVA-RESEARCH-第五章-行业模板管理与GA配置工作台-v1-0-20260714.md",1,58,"58"
computeCamel,computeTalentDensity,AD15,"docs/synova/research/权威文档15-企业循环溢出导航系统-20260714/SYNOVA-RESEARCH-第五章-行业模板管理与GA配置工作台-v1-0-20260714.md",4,59,"59,60,65,67"
computeCamel,computeKeyPersonScore,AD15,"docs/synova/research/权威文档15-企业循环溢出导航系统-20260714/SYNOVA-RESEARCH-第五章-行业模板管理与GA配置工作台-v1-0-20260714.md",3,59,"59,65,67"
computeCamel,computeDebtEquityRatio,AD15,"docs/synova/research/权威文档15-企业循环溢出导航系统-20260714/SYNOVA-RESEARCH-第五章-行业模板管理与GA配置工作台-v1-0-20260714.md",1,62,"62"
computeCamel,computeCompetitivePosition,AD15,"docs/synova/research/权威文档15-企业循环溢出导航系统-20260714/SYNOVA-RESEARCH-第五章-行业模板管理与GA配置工作台-v1-0-20260714.md",2,64,"64,68"
E,E-05,AD15,"docs/synova/research/权威文档15-企业循环溢出导航系统-20260714/SYNOVA-RESEARCH-第六章-与现有体系集成-v1-0-20260714.md",2,61,"61,74"
E,E-07,AD15,"docs/synova/research/权威文档15-企业循环溢出导航系统-20260714/SYNOVA-RESEARCH-第六章-与现有体系集成-v1-0-20260714.md",2,61,"61,75"
E,E-13,AD15,"docs/synova/research/权威文档15-企业循环溢出导航系统-20260714/SYNOVA-RESEARCH-第六章-与现有体系集成-v1-0-20260714.md",2,62,"62,76"
E,E-23,AD15,"docs/synova/research/权威文档15-企业循环溢出导航系统-20260714/SYNOVA-RESEARCH-第六章-与现有体系集成-v1-0-20260714.md",2,63,"63,77"
E,E-28,AD15,"docs/synova/research/权威文档15-企业循环溢出导航系统-20260714/SYNOVA-RESEARCH-第六章-与现有体系集成-v1-0-20260714.md",2,63,"63,78"
E,E-30,AD15,"docs/synova/research/权威文档15-企业循环溢出导航系统-20260714/SYNOVA-RESEARCH-第六章-与现有体系集成-v1-0-20260714.md",2,64,"64,79"
E,E-31,AD15,"docs/synova/research/权威文档15-企业循环溢出导航系统-20260714/SYNOVA-RESEARCH-第六章-与现有体系集成-v1-0-20260714.md",2,64,"64,80"
E,E-37,AD15,"docs/synova/research/权威文档15-企业循环溢出导航系统-20260714/SYNOVA-RESEARCH-第六章-与现有体系集成-v1-0-20260714.md",2,65,"65,81"
computeKebab,compute-registry,AD15,"docs/synova/research/权威文档15-企业循环溢出导航系统-20260714/SYNOVA-RESEARCH-第六章-与现有体系集成-v1-0-20260714.md",2,94,"94,121"
computeCamel,computeOverflow,AD15,"docs/synova/research/权威文档15-企业循环溢出导航系统-20260714/SYNOVA-RESEARCH-第六章-与现有体系集成-v1-0-20260714.md",2,309,"309,396"
computeCamel,computeOverflow,AD15,"docs/synova/research/权威文档15-企业循环溢出导航系统-20260714/SYNOVA-RESEARCH-第四章-溢出驱动的顶层Loop Engineering-v1-0-20260714.md",1,37,"37"
Dnum,D220,AD17,"docs/synova/research/权威文档17-自诊断系统-20260729/V3-控制塔当前状态.md",1,34,"34"
Dnum,D267,AD17,"docs/synova/research/权威文档17-自诊断系统-20260729/V3-控制塔当前状态.md",1,100,"100"
Dnum,D260,AD17,"docs/synova/research/权威文档17-自诊断系统-20260729/V3-控制塔当前状态.md",1,101,"101"
Dnum,D219,AD17,"docs/synova/research/权威文档17-自诊断系统-20260729/V3-控制塔当前状态.md",1,108,"108"
Dnum,D225,AD17,"docs/synova/research/权威文档17-自诊断系统-20260729/V3-控制塔当前状态.md",1,108,"108"
Dnum,D256,AD17,"docs/synova/research/权威文档17-自诊断系统-20260729/权威文档17-Synova自诊断系统-v2-0-20260729.md",1,6,"6"
Dnum,D257,AD17,"docs/synova/research/权威文档17-自诊断系统-20260729/权威文档17-Synova自诊断系统-v2-0-20260729.md",1,6,"6"
Dnum,D258,AD17,"docs/synova/research/权威文档17-自诊断系统-20260729/权威文档17-Synova自诊断系统-v2-0-20260729.md",1,6,"6"
sentinelKebab,sentinel-runner,AD17,"docs/synova/research/权威文档17-自诊断系统-20260729/权威文档17-Synova自诊断系统-v3-20260729.md",2,4,"4,34"
sentinelKebab,sentinel-accuracy,AD17,"docs/synova/research/权威文档17-自诊断系统-20260729/权威文档17-Synova自诊断系统-v3-20260729.md",3,5,"5,40,81"
sentinelKebab,sentinel-runner,AD17,"docs/synova/research/权威文档17-自诊断系统-20260729/权威文档17-代码审计报告-v1-0-20260729.md",1,18,"18"
sentinelKebab,sentinel-accuracy,AD17,"docs/synova/research/权威文档17-自诊断系统-20260729/权威文档17-代码审计报告-v1-0-20260729.md",1,24,"24"
sentinelKebab,sentinel-accuracy,AD17,"docs/synova/research/权威文档17-自诊断系统-20260729/权威文档17-工程规格-v1-0-20260729.md",1,113,"113"
Dnum,D106,AD17,"docs/synova/research/权威文档17-自诊断系统-20260729/权威文档17-工程规格-v1-0-20260729.md",1,80,"80"
Dnum,D262,AD17,"docs/synova/research/权威文档17-自诊断系统-20260729/权威文档17-开发者任务地图-v1-0-20260730.md",1,144,"144"
Dnum,D264,AD17,"docs/synova/research/权威文档17-自诊断系统-20260729/权威文档17-开发者任务地图-v1-0-20260730.md",1,144,"144"
Dnum,D263,AD17,"docs/synova/research/权威文档17-自诊断系统-20260729/权威文档17-开发者任务地图-v2-0-20260730.md",2,4,"4,38"
Dnum,D265,AD17,"docs/synova/research/权威文档17-自诊断系统-20260729/权威文档17-开发者任务地图-v2-0-20260730.md",2,4,"4,41"
Dnum,D266,AD17,"docs/synova/research/权威文档17-自诊断系统-20260729/权威文档17-开发者任务地图-v2-0-20260730.md",2,4,"4,40"
Dnum,D267,AD17,"docs/synova/research/权威文档17-自诊断系统-20260729/权威文档17-开发者任务地图-v2-0-20260730.md",2,4,"4,42"
Dnum,D268,AD17,"docs/synova/research/权威文档17-自诊断系统-20260729/权威文档17-开发者任务地图-v2-0-20260730.md",2,4,"4,42"
Dnum,D269,AD17,"docs/synova/research/权威文档17-自诊断系统-20260729/权威文档17-开发者任务地图-v2-0-20260730.md",2,4,"4,39"
Dnum,D241,AD17,"docs/synova/research/权威文档17-自诊断系统-20260729/权威文档17-开发者任务地图-v2-0-20260730.md",2,4,"4,43"
Dnum,D245,AD17,"docs/synova/research/权威文档17-自诊断系统-20260729/权威文档17-开发者任务地图-v2-0-20260730.md",2,4,"4,43"
Dnum,D246,AD17,"docs/synova/research/权威文档17-自诊断系统-20260729/权威文档17-开发者任务地图-v2-0-20260730.md",1,98,"98"
Dnum,D262,AD17,"docs/synova/research/权威文档17-自诊断系统-20260729/权威文档17-开发者任务地图-v2-0-20260730.md",1,118,"118"
Dnum,D258,AD17,"docs/synova/research/权威文档17-自诊断系统-20260729/权威文档17-开发者任务地图-v2-0-20260730.md",1,153,"153"
sentinelKebab,sentinel-runner,AD17,"docs/synova/research/权威文档17-自诊断系统-20260729/权威文档17-研究方案-v1-0-20260729.md",2,5,"5,30"
sentinelKebab,sentinel-accuracy,AD17,"docs/synova/research/权威文档17-自诊断系统-20260729/权威文档17-研究方案-v1-0-20260729.md",2,5,"5,30"
Dnum,D251,AD17,"docs/synova/research/权威文档17-自诊断系统-20260729/权威文档17-预期状态模型-v3-1-20260729.md",2,10,"10,133"
Dnum,D257,AD17,"docs/synova/research/权威文档17-自诊断系统-20260729/权威文档17-预期状态模型-v3-1-20260729.md",2,10,"10,120"
Dnum,D258,AD17,"docs/synova/research/权威文档17-自诊断系统-20260729/权威文档17-预期状态模型-v3-1-20260729.md",2,10,"10,118"
Dnum,D260,AD17,"docs/synova/research/权威文档17-自诊断系统-20260729/权威文档17-预期状态模型-v3-1-20260729.md",2,10,"10,49"
Dnum,D261,AD17,"docs/synova/research/权威文档17-自诊断系统-20260729/权威文档17-预期状态模型-v3-1-20260729.md",2,10,"10,49"
Dnum,D262,AD17,"docs/synova/research/权威文档17-自诊断系统-20260729/权威文档17-预期状态模型-v3-1-20260729.md",6,10,"10,62,93,94,97,123"
Dnum,D264,AD17,"docs/synova/research/权威文档17-自诊断系统-20260729/权威文档17-预期状态模型-v3-1-20260729.md",4,10,"10,50,97,123"
Dnum,D265,AD17,"docs/synova/research/权威文档17-自诊断系统-20260729/权威文档17-预期状态模型-v3-1-20260729.md",2,97,"97,123"
Dnum,D267,AD17,"docs/synova/research/权威文档17-自诊断系统-20260729/权威文档17-预期状态模型-v3-1-20260729.md",2,97,"97,123"
Dnum,D328,AD18,"docs/synova/research/权威文档18-Synova审计体系权威规范-20260812/SYNOVA-RESEARCH-研究方案-v1-0-20260812.md",11,6,"6,21,53,85,86,87"
Dnum,D329,AD18,"docs/synova/research/权威文档18-Synova审计体系权威规范-20260812/SYNOVA-RESEARCH-研究方案-v1-0-20260812.md",6,6,"6,59,95,118,212,242"
Dnum,D330,AD18,"docs/synova/research/权威文档18-Synova审计体系权威规范-20260812/SYNOVA-RESEARCH-研究方案-v1-0-20260812.md",3,6,"6,118,242"
Dnum,D331,AD18,"docs/synova/research/权威文档18-Synova审计体系权威规范-20260812/SYNOVA-RESEARCH-研究方案-v1-0-20260812.md",6,146,"146,164,225,231,249"
Dnum,D332,AD18,"docs/synova/research/权威文档18-Synova审计体系权威规范-20260812/SYNOVA-RESEARCH-研究方案-v1-0-20260812.md",4,147,"147,226,227,231"
Dnum,D333,AD18,"docs/synova/research/权威文档18-Synova审计体系权威规范-20260812/SYNOVA-RESEARCH-研究方案-v1-0-20260812.md",4,148,"148,228,233,235"
Dnum,D334,AD18,"docs/synova/research/权威文档18-Synova审计体系权威规范-20260812/SYNOVA-RESEARCH-研究方案-v1-0-20260812.md",3,149,"149,229,235"
Dnum,D335,AD18,"docs/synova/research/权威文档18-Synova审计体系权威规范-20260812/SYNOVA-RESEARCH-研究方案-v1-0-20260812.md",3,150,"150,164,249"
Dnum,D336,AD18,"docs/synova/research/权威文档18-Synova审计体系权威规范-20260812/SYNOVA-RESEARCH-研究方案-v1-0-20260812.md",2,169,"169,178"
Dnum,D337,AD18,"docs/synova/research/权威文档18-Synova审计体系权威规范-20260812/SYNOVA-RESEARCH-研究方案-v1-0-20260812.md",2,170,"170,179"
Dnum,D328,AD18,"docs/synova/research/权威文档18-Synova审计体系权威规范-20260812/SYNOVA-RESEARCH-第一章-审计架构与四层模型.md",5,3,"3,21,25,27,89"
Dnum,D329,AD18,"docs/synova/research/权威文档18-Synova审计体系权威规范-20260812/SYNOVA-RESEARCH-第一章-审计架构与四层模型.md",2,3,"3,90"
Dnum,D330,AD18,"docs/synova/research/权威文档18-Synova审计体系权威规范-20260812/SYNOVA-RESEARCH-第一章-审计架构与四层模型.md",2,3,"3,91"
Dnum,D328,AD18,"docs/synova/research/权威文档18-Synova审计体系权威规范-20260812/SYNOVA-RESEARCH-第三章-权威文档审计与CLAIM标签规范.md",1,9,"9"
Dnum,D329,AD18,"docs/synova/research/权威文档18-Synova审计体系权威规范-20260812/SYNOVA-RESEARCH-第三章-权威文档审计与CLAIM标签规范.md",2,9,"9,66"
Dnum,D330,AD18,"docs/synova/research/权威文档18-Synova审计体系权威规范-20260812/SYNOVA-RESEARCH-第三章-权威文档审计与CLAIM标签规范.md",1,9,"9"
Dnum,D202,AD18,"docs/synova/research/权威文档18-Synova审计体系权威规范-20260812/SYNOVA-RESEARCH-第三章-权威文档审计与CLAIM标签规范.md",1,43,"43"
Dnum,D328,AD18,"docs/synova/research/权威文档18-Synova审计体系权威规范-20260812/SYNOVA-RESEARCH-第二章-代码审计协议与14项清单.md",1,9,"9"
Dnum,D329,AD18,"docs/synova/research/权威文档18-Synova审计体系权威规范-20260812/SYNOVA-RESEARCH-第二章-代码审计协议与14项清单.md",2,9,"9,66"
Dnum,D330,AD18,"docs/synova/research/权威文档18-Synova审计体系权威规范-20260812/SYNOVA-RESEARCH-第二章-代码审计协议与14项清单.md",1,9,"9"
Dnum,D202,AD18,"docs/synova/research/权威文档18-Synova审计体系权威规范-20260812/SYNOVA-RESEARCH-第二章-代码审计协议与14项清单.md",1,43,"43"
Dnum,D328,AD18,"docs/synova/research/权威文档18-Synova审计体系权威规范-20260812/SYNOVA-RESEARCH-第六章-控制塔升级与防线缺口收割.md",9,3,"3,15,28,34,40,41"
Dnum,D329,AD18,"docs/synova/research/权威文档18-Synova审计体系权威规范-20260812/SYNOVA-RESEARCH-第六章-控制塔升级与防线缺口收割.md",7,3,"3,23,34,42,43,51"
Dnum,D330,AD18,"docs/synova/research/权威文档18-Synova审计体系权威规范-20260812/SYNOVA-RESEARCH-第六章-控制塔升级与防线缺口收割.md",4,3,"3,30,51,91"
Dnum,D331,AD18,"docs/synova/research/权威文档18-Synova审计体系权威规范-20260812/SYNOVA-RESEARCH-第六章-控制塔升级与防线缺口收割.md",4,40,"40,41,70,74"
Dnum,D332,AD18,"docs/synova/research/权威文档18-Synova审计体系权威规范-20260812/SYNOVA-RESEARCH-第六章-控制塔升级与防线缺口收割.md",2,42,"42,43"
Dnum,D328,AD18,"docs/synova/research/权威文档18-Synova审计体系权威规范-20260812/SYNOVA-RESEARCH-第四章-bypass.log修复与执行证据链.md",2,3,"3,11"
Dnum,D329,AD18,"docs/synova/research/权威文档18-Synova审计体系权威规范-20260812/SYNOVA-RESEARCH-第四章-bypass.log修复与执行证据链.md",2,3,"3,12"
Dnum,D330,AD18,"docs/synova/research/权威文档18-Synova审计体系权威规范-20260812/SYNOVA-RESEARCH-第四章-bypass.log修复与执行证据链.md",3,3,"3,13,29"
Dnum,D328,AD18,"docs/synova/research/权威文档18-Synova审计体系权威规范-20260812/SYNOVA-RESEARCH-附录-审计报告模板与分级标准.md",4,188,"188,189"
Dnum,D329,AD18,"docs/synova/research/权威文档18-Synova审计体系权威规范-20260812/SYNOVA-RESEARCH-附录-审计报告模板与分级标准.md",2,190,"190"
Dnum,D330,AD18,"docs/synova/research/权威文档18-Synova审计体系权威规范-20260812/SYNOVA-RESEARCH-附录-审计报告模板与分级标准.md",2,191,"191"
